DB_NAME,SCHEMA_NAME,TABLE_NAME,ORDINAL_POSITION,COLUMN_NAME,DATA_TYPE,IS_NULLABLE
PRODUCTION_LAKEHOUSE_US,AIRTRACKING,AIRLINE_INFORMATION,1,ID,TEXT,YES
PRODUCTION_LAKEHOUSE_US,AIRTRACKING,AIRLINE_INFORMATION,2,CODE,TEXT,YES
PRODUCTION_LAKEHOUSE_US,AIRTRACKING,AIRLINE_INFORMATION,3,IATA_CODE,TEXT,YES
PRODUCTION_LAKEHOUSE_US,AIRTRACKING,AIRLINE_INFORMATION,4,ICAO_CODE,TEXT,YES
PRODUCTION_LAKEHOUSE_US,AIRTRACKING,AIRLINE_INFORMATION,5,NAME,TEXT,YES
PRODUCTION_LAKEHOUSE_US,AIRTRACKING,AIRLINE_INFORMATION,6,CREATED_DATE,TIMESTAMP_NTZ,YES
PRODUCTION_LAKEHOUSE_US,AIRTRACKING,AIRLINE_INFORMATION,7,DELETED_DATE,TIMESTAMP_NTZ,YES
PRODUCTION_LAKEHOUSE_US,AIRTRACKING,AIRLINE_INFORMATION,8,_META_IMPORT_JOB_ID,NUMBER,YES
PRODUCTION_LAKEHOUSE_US,AIRTRACKING,AIR_SHIPMENT,1,ID,TEXT,YES
PRODUCTION_LAKEHOUSE_US,AIRTRACKING,AIR_SHIPMENT,2,MASTER_SHIPMENT_ID,TEXT,YES
PRODUCTION_LAKEHOUSE_US,AIRTRACKING,AIR_SHIPMENT,3,TENANT_ID,NUMBER,YES
PRODUCTION_LAKEHOUSE_US,AIRTRACKING,AIR_SHIPMENT,4,CREATED_DATE,TIMESTAMP_NTZ,YES
PRODUCTION_LAKEHOUSE_US,AIRTRACKING,AIR_SHIPMENT,5,DELETED_DATE,TIMESTAMP_NTZ,YES
PRODUCTION_LAKEHOUSE_US,AIRTRACKING,AIR_SHIPMENT,6,_META_IMPORT_JOB_ID,NUMBER,YES
PRODUCTION_LAKEHOUSE_US,AIRTRACKING,AIR_SHIPMENT,7,MASTER_SHIPMENT_LEG_ID,TEXT,YES
PRODUCTION_LAKEHOUSE_US,AIRTRACKING,AIR_SHIPMENT_EVENT,1,ID,TEXT,YES
PRODUCTION_LAKEHOUSE_US,AIRTRACKING,AIR_SHIPMENT_EVENT,2,AIR_SHIPMENT_ID,TEXT,YES
PRODUCTION_LAKEHOUSE_US,AIRTRACKING,AIR_SHIPMENT_EVENT,3,AIR_STOP_ID,TEXT,YES
PRODUCTION_LAKEHOUSE_US,AIRTRACKING,AIR_SHIPMENT_EVENT,4,AIR_ROUTE_SEGMENT_ID,TEXT,YES
PRODUCTION_LAKEHOUSE_US,AIRTRACKING,AIR_SHIPMENT_EVENT,5,TYPE,TEXT,YES
PRODUCTION_LAKEHOUSE_US,AIRTRACKING,AIR_SHIPMENT_EVENT,6,DESCRIPTION,TEXT,YES
PRODUCTION_LAKEHOUSE_US,AIRTRACKING,AIR_SHIPMENT_EVENT,7,ESTIMATED_DATETIME,TIMESTAMP_NTZ,YES
PRODUCTION_LAKEHOUSE_US,AIRTRACKING,AIR_SHIPMENT_EVENT,8,ACTUAL_DATETIME,TIMESTAMP_NTZ,YES
PRODUCTION_LAKEHOUSE_US,AIRTRACKING,AIR_SHIPMENT_EVENT,9,CREATED_DATE,TIMESTAMP_NTZ,YES
PRODUCTION_LAKEHOUSE_US,AIRTRACKING,AIR_SHIPMENT_EVENT,10,ESTIMATE_LAST_CALCULATED_DATETIME,TIMESTAMP_NTZ,YES
PRODUCTION_LAKEHOUSE_US,AIRTRACKING,AIR_SHIPMENT_EVENT,11,LATITUDE,FLOAT,YES
PRODUCTION_LAKEHOUSE_US,AIRTRACKING,AIR_SHIPMENT_EVENT,12,LONGITUDE,FLOAT,YES
PRODUCTION_LAKEHOUSE_US,AIRTRACKING,AIR_SHIPMENT_EVENT,13,PLANNED_DATETIME,TIMESTAMP_NTZ,YES
PRODUCTION_LAKEHOUSE_US,AIRTRACKING,AIR_SHIPMENT_EVENT,14,PLAN_LAST_CALCULATED_DATETIME,TIMESTAMP_NTZ,YES
PRODUCTION_LAKEHOUSE_US,AIRTRACKING,AIR_SHIPMENT_EVENT,15,_META_IMPORT_JOB_ID,NUMBER,YES
PRODUCTION_LAKEHOUSE_US,AIRTRACKING,AIR_SHIPMENT_EVENT,16,DELETED_DATE,TIMESTAMP_NTZ,YES
PRODUCTION_LAKEHOUSE_US,AIRTRACKING,AIR_SHIPMENT_EVENT,17,LAST_MODIFIED_DATE,TIMESTAMP_NTZ,YES
PRODUCTION_LAKEHOUSE_US,AIRTRACKING,AIR_SHIPMENT_EVENT,18,SOURCE_TYPE,TEXT,YES
PRODUCTION_LAKEHOUSE_US,CONSUMPTION,AIR_ANALYTICS,1,CREATED_DATE,TIMESTAMP_NTZ,YES
PRODUCTION_LAKEHOUSE_US,CONSUMPTION,AIR_ANALYTICS,2,DELETED_DATE,TIMESTAMP_NTZ,YES
PRODUCTION_LAKEHOUSE_US,CONSUMPTION,AIR_ANALYTICS,3,TRACKING_START_DATE,TIMESTAMP_NTZ,YES
PRODUCTION_LAKEHOUSE_US,CONSUMPTION,AIR_ANALYTICS,4,TRACKING_END_DATE,TIMESTAMP_NTZ,YES
PRODUCTION_LAKEHOUSE_US,CONSUMPTION,AIR_ANALYTICS,5,ID,TEXT,YES
PRODUCTION_LAKEHOUSE_US,CONSUMPTION,AIR_ANALYTICS,6,MASTER_SHIPMENT_ID,TEXT,YES
PRODUCTION_LAKEHOUSE_US,CONSUMPTION,AIR_ANALYTICS,7,TENANT_ID,NUMBER,YES
PRODUCTION_LAKEHOUSE_US,CONSUMPTION,AIR_ANALYTICS,8,TENANT_NAME,TEXT,YES
PRODUCTION_LAKEHOUSE_US,CONSUMPTION,AIR_ANALYTICS,9,TENANT_TYPE,TEXT,YES
PRODUCTION_LAKEHOUSE_US,CONSUMPTION,AIR_ANALYTICS,10,AIRLINE_CODE,TEXT,YES
PRODUCTION_LAKEHOUSE_US,CONSUMPTION,AIR_ANALYTICS,11,AIRLINE_NAME,TEXT,YES
PRODUCTION_LAKEHOUSE_US,CONSUMPTION,AIR_ANALYTICS,12,CARRIER_IN_NETWORK,TEXT,YES
PRODUCTION_LAKEHOUSE_US,CONSUMPTION,AIR_ANALYTICS,13,CARRIER_SCAC,TEXT,YES
PRODUCTION_LAKEHOUSE_US,CONSUMPTION,AIR_ANALYTICS,14,CARRIER_NAME,TEXT,YES
PRODUCTION_LAKEHOUSE_US,CONSUMPTION,AIR_ANALYTICS,15,AIR_WAYBILL,TEXT,YES
PRODUCTION_LAKEHOUSE_US,CONSUMPTION,AIR_ANALYTICS,16,HOUSE_AIR_WAYBILL,TEXT,YES
PRODUCTION_LAKEHOUSE_US,CONSUMPTION,AIR_ANALYTICS,17,BILL_OF_LADING,TEXT,YES
PRODUCTION_LAKEHOUSE_US,CONSUMPTION,AIR_ANALYTICS,18,IS_MAWB_CORRECT_FORMAT,BOOLEAN,YES
PRODUCTION_LAKEHOUSE_US,CONSUMPTION,AIR_ANALYTICS,19,TRACKING_TYPE,TEXT,YES
PRODUCTION_LAKEHOUSE_US,CONSUMPTION,AIR_ANALYTICS,20,TRACKED,BOOLEAN,YES
PRODUCTION_LAKEHOUSE_US,CONSUMPTION,AIR_ANALYTICS,21,PICKUP_NAME,TEXT,YES
PRODUCTION_LAKEHOUSE_US,CONSUMPTION,AIR_ANALYTICS,22,PICKUP_CITY,TEXT,YES
PRODUCTION_LAKEHOUSE_US,CONSUMPTION,AIR_ANALYTICS,23,PICKUP_STATE,TEXT,YES
PRODUCTION_LAKEHOUSE_US,CONSUMPTION,AIR_ANALYTICS,24,PICKUP_COUNTRY,TEXT,YES
PRODUCTION_LAKEHOUSE_US,CONSUMPTION,AIR_ANALYTICS,25,PICKUP_COUNTRY_NAME,TEXT,YES
PRODUCTION_LAKEHOUSE_US,CONSUMPTION,AIR_ANALYTICS,26,PICKUP_REGION,TEXT,YES
PRODUCTION_LAKEHOUSE_US,CONSUMPTION,AIR_ANALYTICS,27,PICKUP_SUBREGION,TEXT,YES
PRODUCTION_LAKEHOUSE_US,CONSUMPTION,AIR_ANALYTICS,28,DESTINATION_NAME,TEXT,YES
PRODUCTION_LAKEHOUSE_US,CONSUMPTION,AIR_ANALYTICS,29,DESTINATION_CITY,TEXT,YES
PRODUCTION_LAKEHOUSE_US,CONSUMPTION,AIR_ANALYTICS,30,DESTINATION_STATE,TEXT,YES
PRODUCTION_LAKEHOUSE_US,CONSUMPTION,AIR_ANALYTICS,31,DROPOFF_COUNTRY,TEXT,YES
PRODUCTION_LAKEHOUSE_US,CONSUMPTION,AIR_ANALYTICS,32,DESTINATION_COUNTRY_NAME,TEXT,YES
PRODUCTION_LAKEHOUSE_US,CONSUMPTION,AIR_ANALYTICS,33,DESTINATION_REGION,TEXT,YES
PRODUCTION_LAKEHOUSE_US,CONSUMPTION,AIR_ANALYTICS,34,DESTINATION_SUBREGION,TEXT,YES
PRODUCTION_LAKEHOUSE_US,CONSUMPTION,AIR_ANALYTICS,35,PICKUP_CITY_STATE,TEXT,YES
PRODUCTION_LAKEHOUSE_US,CONSUMPTION,AIR_ANALYTICS,36,DESTINATION_CITY_STATE,TEXT,YES
PRODUCTION_LAKEHOUSE_US,CONSUMPTION,AIR_ANALYTICS,37,MILESTONES_EXPECTED,NUMBER,YES
PRODUCTION_LAKEHOUSE_US,CONSUMPTION,AIR_ANALYTICS,38,MILESTONES_CAPTURED,NUMBER,YES
PRODUCTION_LAKEHOUSE_US,CONSUMPTION,AIR_ANALYTICS,39,MILESTONES_EXPECTED_M1_FLIGHT_BOOKED,NUMBER,YES
PRODUCTION_LAKEHOUSE_US,CONSUMPTION,AIR_ANALYTICS,40,MILESTONES_CAPTURED_M1_FLIGHT_BOOKED,NUMBER,YES
PRODUCTION_LAKEHOUSE_US,CONSUMPTION,AIR_ANALYTICS,41,MILESTONES_EXPECTED_M5_DEPARTURE,NUMBER,YES
PRODUCTION_LAKEHOUSE_US,CONSUMPTION,AIR_ANALYTICS,42,MILESTONES_CAPTURED_M5_DEPARTURE,NUMBER,YES
PRODUCTION_LAKEHOUSE_US,CONSUMPTION,AIR_ANALYTICS,43,MILESTONES_EXPECTED_M6_ARRIVAL,NUMBER,YES
PRODUCTION_LAKEHOUSE_US,CONSUMPTION,AIR_ANALYTICS,44,MILESTONES_CAPTURED_M6_ARRIVAL,NUMBER,YES
PRODUCTION_LAKEHOUSE_US,CONSUMPTION,AIR_ANALYTICS,45,MILESTONES_EXPECTED_M7_RECEIVED_TRANSIT,NUMBER,YES
PRODUCTION_LAKEHOUSE_US,CONSUMPTION,AIR_ANALYTICS,46,MILESTONES_CAPTURED_M7_RECEIVED_TRANSIT,NUMBER,YES
PRODUCTION_LAKEHOUSE_US,CONSUMPTION,AIR_ANALYTICS,47,LATENCY_BIN,TEXT,YES
PRODUCTION_LAKEHOUSE_US,CONSUMPTION,AIR_ANALYTICS,48,LATENCY_UPDATES_RECEIVED,NUMBER,YES
PRODUCTION_LAKEHOUSE_US,CONSUMPTION,AIR_ANALYTICS,49,LATENCY_UPDATES_PASSED,NUMBER,YES
PRODUCTION_LAKEHOUSE_US,CONSUMPTION,AIR_ANALYTICS,50,LATENCY_SUM,NUMBER,YES
PRODUCTION_LAKEHOUSE_US,CONSUMPTION,AIR_ANALYTICS,51,LATENCY_0_2HR,NUMBER,YES
PRODUCTION_LAKEHOUSE_US,CONSUMPTION,AIR_ANALYTICS,52,LATENCY_2_4HR,NUMBER,YES
PRODUCTION_LAKEHOUSE_US,CONSUMPTION,AIR_ANALYTICS,53,LATENCY_4_6HR,NUMBER,YES
PRODUCTION_LAKEHOUSE_US,CONSUMPTION,AIR_ANALYTICS,54,LATENCY_6_8HR,NUMBER,YES
PRODUCTION_LAKEHOUSE_US,CONSUMPTION,AIR_ANALYTICS,55,LATENCY_8_10HR,NUMBER,YES
PRODUCTION_LAKEHOUSE_US,CONSUMPTION,AIR_ANALYTICS,56,LATENCY_10HR,NUMBER,YES
PRODUCTION_LAKEHOUSE_US,CONSUMPTION,AIR_ANALYTICS,57,M10_IMPORT_CUSTOM_CLEARED_UTC_DT,TIMESTAMP_NTZ,YES
PRODUCTION_LAKEHOUSE_US,CONSUMPTION,AIR_ANALYTICS,58,M11_NOTIFIED_UTC_DT,TIMESTAMP_NTZ,YES
PRODUCTION_LAKEHOUSE_US,CONSUMPTION,AIR_ANALYTICS,59,M12_DELIVERED_UTC_DT,TIMESTAMP_NTZ,YES
PRODUCTION_LAKEHOUSE_US,CONSUMPTION,AIR_ANALYTICS,60,M1_FLIGHT_BOOKED_UTC_DT,TIMESTAMP_NTZ,YES
PRODUCTION_LAKEHOUSE_US,CONSUMPTION,AIR_ANALYTICS,61,M2_EXPORT_CUSTOM_CLEARANCE_UTC_DT,TIMESTAMP_NTZ,YES
PRODUCTION_LAKEHOUSE_US,CONSUMPTION,AIR_ANALYTICS,62,M3_READY_FOR_CARRIAGE_UTC_DT,TIMESTAMP_NTZ,YES
PRODUCTION_LAKEHOUSE_US,CONSUMPTION,AIR_ANALYTICS,63,M4_CARGO_LOADED_ONTO_PLANE_UTC_DT,TIMESTAMP_NTZ,YES
PRODUCTION_LAKEHOUSE_US,CONSUMPTION,AIR_ANALYTICS,64,M5_DEPARTURE_UTC_DT,TIMESTAMP_NTZ,YES
PRODUCTION_LAKEHOUSE_US,CONSUMPTION,AIR_ANALYTICS,65,M6_ARRIVAL_UTC_DT,TIMESTAMP_NTZ,YES
PRODUCTION_LAKEHOUSE_US,CONSUMPTION,AIR_ANALYTICS,66,M7_RECEIVED_TRANSIT_UTC_DT,TIMESTAMP_NTZ,YES
PRODUCTION_LAKEHOUSE_US,CONSUMPTION,AIR_ANALYTICS,67,M8_RECEIVED_CARGO_FROM_FLIGHT_UTC_DT,TIMESTAMP_NTZ,YES
PRODUCTION_LAKEHOUSE_US,CONSUMPTION,AIR_ANALYTICS,68,M9_IMPORT_CUSTOM_ON_HOLD_UTC_DT,TIMESTAMP_NTZ,YES
PRODUCTION_LAKEHOUSE_US,CONSUMPTION,AIR_ANALYTICS,69,O1_RECEIVED_IMPORT_HUB_UTC_DT,TIMESTAMP_NTZ,YES
PRODUCTION_LAKEHOUSE_US,CONSUMPTION,AIR_ANALYTICS,70,O2_DEPARTED_IMPORT_HUB_UTC_DT,TIMESTAMP_NTZ,YES
PRODUCTION_LAKEHOUSE_US,CONSUMPTION,AIR_ANALYTICS,71,O3_RECEIVED_IMPORT_WAREHOUSE_UTC_DT,TIMESTAMP_NTZ,YES
PRODUCTION_LAKEHOUSE_US,CONSUMPTION,AIR_ANALYTICS,72,O4_OUT_FOR_DELIVERY_UTC_DT,TIMESTAMP_NTZ,YES
PRODUCTION_LAKEHOUSE_US,CONSUMPTION,AIR_ANALYTICS,73,O5_THIRD_PARTY_NOTIFICATION_UTC_DT,TIMESTAMP_NTZ,YES
PRODUCTION_LAKEHOUSE_US,CONSUMPTION,AIR_ANALYTICS,74,O6_PROOF_OF_DELIVERY_UTC_DT,TIMESTAMP_NTZ,YES
PRODUCTION_LAKEHOUSE_US,CONSUMPTION,AIR_ANALYTICS,75,P1_PICKUP_UTC_DT,TIMESTAMP_NTZ,YES
PRODUCTION_LAKEHOUSE_US,CONSUMPTION,AIR_ANALYTICS,76,P2_RECEIVED_AT_EXPORT_WAREHOUSE_UTC_DT,TIMESTAMP_NTZ,YES
PRODUCTION_LAKEHOUSE_US,CONSUMPTION,AIR_ANALYTICS,77,P3_DEPARTED_EXPORT_STATION_UTC_DT,TIMESTAMP_NTZ,YES
PRODUCTION_LAKEHOUSE_US,CONSUMPTION,AIR_ANALYTICS,78,P4_RECEIVED_AT_EXPORT_HUB_UTC_DT,TIMESTAMP_NTZ,YES
PRODUCTION_LAKEHOUSE_US,CONSUMPTION,AIR_ANALYTICS,79,P5_DEPARTED_EXPORT_HUB_UTC_DT,TIMESTAMP_NTZ,YES
PRODUCTION_LAKEHOUSE_US,CONSUMPTION,AIR_ANALYTICS,80,P6_FREIGHT_ON_HAND_UTC_DT,TIMESTAMP_NTZ,YES
PRODUCTION_LAKEHOUSE_US,CONSUMPTION,AIR_ANALYTICS,81,M10_IMPORT_CUSTOM_CLEARED_UTC_RETRIEVAL_DT,TIMESTAMP_NTZ,YES
PRODUCTION_LAKEHOUSE_US,CONSUMPTION,AIR_ANALYTICS,82,M11_NOTIFIED_UTC_RETRIEVAL_DT,TIMESTAMP_NTZ,YES
PRODUCTION_LAKEHOUSE_US,CONSUMPTION,AIR_ANALYTICS,83,M12_DELIVERED_UTC_RETRIEVAL_DT,TIMESTAMP_NTZ,YES
PRODUCTION_LAKEHOUSE_US,CONSUMPTION,AIR_ANALYTICS,84,M1_FLIGHT_BOOKED_UTC_RETRIEVAL_DT,TIMESTAMP_NTZ,YES
PRODUCTION_LAKEHOUSE_US,CONSUMPTION,AIR_ANALYTICS,85,M2_EXPORT_CUSTOM_CLEARANCE_UTC_RETRIEVAL_DT,TIMESTAMP_NTZ,YES
PRODUCTION_LAKEHOUSE_US,CONSUMPTION,AIR_ANALYTICS,86,M3_READY_FOR_CARRIAGE_UTC_RETRIEVAL_DT,TIMESTAMP_NTZ,YES
PRODUCTION_LAKEHOUSE_US,CONSUMPTION,AIR_ANALYTICS,87,M4_CARGO_LOADED_ONTO_PLANE_UTC_RETRIEVAL_DT,TIMESTAMP_NTZ,YES
PRODUCTION_LAKEHOUSE_US,CONSUMPTION,AIR_ANALYTICS,88,M5_DEPARTURE_UTC_RETRIEVAL_DT,TIMESTAMP_NTZ,YES
PRODUCTION_LAKEHOUSE_US,CONSUMPTION,AIR_ANALYTICS,89,M6_ARRIVAL_UTC_RETRIEVAL_DT,TIMESTAMP_NTZ,YES
PRODUCTION_LAKEHOUSE_US,CONSUMPTION,AIR_ANALYTICS,90,M7_RECEIVED_TRANSIT_UTC_RETRIEVAL_DT,TIMESTAMP_NTZ,YES
PRODUCTION_LAKEHOUSE_US,CONSUMPTION,AIR_ANALYTICS,91,M8_RECEIVED_CARGO_FROM_FLIGHT_UTC_RETRIEVAL_DT,TIMESTAMP_NTZ,YES
PRODUCTION_LAKEHOUSE_US,CONSUMPTION,AIR_ANALYTICS,92,M9_IMPORT_CUSTOM_ON_HOLD_UTC_RETRIEVAL_DT,TIMESTAMP_NTZ,YES
PRODUCTION_LAKEHOUSE_US,CONSUMPTION,AIR_ANALYTICS,93,O1_RECEIVED_IMPORT_HUB_UTC_RETRIEVAL_DT,TIMESTAMP_NTZ,YES
PRODUCTION_LAKEHOUSE_US,CONSUMPTION,AIR_ANALYTICS,94,O2_DEPARTED_IMPORT_HUB_UTC_RETRIEVAL_DT,TIMESTAMP_NTZ,YES
PRODUCTION_LAKEHOUSE_US,CONSUMPTION,AIR_ANALYTICS,95,O3_RECEIVED_IMPORT_WAREHOUSE_UTC_RETRIEVAL_DT,TIMESTAMP_NTZ,YES
PRODUCTION_LAKEHOUSE_US,CONSUMPTION,AIR_ANALYTICS,96,O4_OUT_FOR_DELIVERY_UTC_RETRIEVAL_DT,TIMESTAMP_NTZ,YES
PRODUCTION_LAKEHOUSE_US,CONSUMPTION,AIR_ANALYTICS,97,O5_THIRD_PARTY_NOTIFICATION_UTC_RETRIEVAL_DT,TIMESTAMP_NTZ,YES
PRODUCTION_LAKEHOUSE_US,CONSUMPTION,AIR_ANALYTICS,98,O6_PROOF_OF_DELIVERY_UTC_RETRIEVAL_DT,TIMESTAMP_NTZ,YES
PRODUCTION_LAKEHOUSE_US,CONSUMPTION,AIR_ANALYTICS,99,P1_PICKUP_UTC_RETRIEVAL_DT,TIMESTAMP_NTZ,YES
PRODUCTION_LAKEHOUSE_US,CONSUMPTION,AIR_ANALYTICS,100,P2_RECEIVED_AT_EXPORT_WAREHOUSE_UTC_RETRIEVAL_DT,TIMESTAMP_NTZ,YES
PRODUCTION_LAKEHOUSE_US,CONSUMPTION,AIR_ANALYTICS,101,P3_DEPARTED_EXPORT_STATION_UTC_RETRIEVAL_DT,TIMESTAMP_NTZ,YES
PRODUCTION_LAKEHOUSE_US,CONSUMPTION,AIR_ANALYTICS,102,P4_RECEIVED_AT_EXPORT_HUB_UTC_RETRIEVAL_DT,TIMESTAMP_NTZ,YES
PRODUCTION_LAKEHOUSE_US,CONSUMPTION,AIR_ANALYTICS,103,P5_DEPARTED_EXPORT_HUB_UTC_RETRIEVAL_DT,TIMESTAMP_NTZ,YES
PRODUCTION_LAKEHOUSE_US,CONSUMPTION,AIR_ANALYTICS,104,P6_FREIGHT_ON_HAND_UTC_RETRIEVAL_DT,TIMESTAMP_NTZ,YES
PRODUCTION_LAKEHOUSE_US,CONSUMPTION,AIR_ANALYTICS,105,LATENCY_IN_HOUR,NUMBER,YES
PRODUCTION_LAKEHOUSE_US,CONSUMPTION,AIR_ANALYTICS,106,FIRST_TRACKED_MILESTONE_TIMESTAMP,TIMESTAMP_NTZ,YES
PRODUCTION_LAKEHOUSE_US,CONSUMPTION,AIR_ANALYTICS,107,IS_ONTIME_DELIVERY,BOOLEAN,YES
PRODUCTION_LAKEHOUSE_US,CONSUMPTION,AIR_ANALYTICS,108,IS_LATE_DELIVERY,BOOLEAN,YES
PRODUCTION_LAKEHOUSE_US,CONSUMPTION,AIR_ANALYTICS,109,TRANSIT_TIME_MAINLEG,NUMBER,YES
PRODUCTION_LAKEHOUSE_US,CONSUMPTION,AIR_ANALYTICS,110,FIRST_PRECARRIAGE_DT,TIMESTAMP_NTZ,YES
PRODUCTION_LAKEHOUSE_US,CONSUMPTION,AIR_ANALYTICS,111,LAST_PRECARRIAGE_DT,TIMESTAMP_NTZ,YES
PRODUCTION_LAKEHOUSE_US,CONSUMPTION,AIR_ANALYTICS,112,TRANSIT_TIME_PRECARRIAGE,NUMBER,YES
PRODUCTION_LAKEHOUSE_US,CONSUMPTION,AIR_ANALYTICS,113,FIRST_ONCARRIAGE_DT,TIMESTAMP_NTZ,YES
PRODUCTION_LAKEHOUSE_US,CONSUMPTION,AIR_ANALYTICS,114,LAST_ONCARRIAGE_DT,TIMESTAMP_NTZ,YES
PRODUCTION_LAKEHOUSE_US,CONSUMPTION,AIR_ANALYTICS,115,TRANSIT_TIME_ONCARRIAGE,NUMBER,YES
PRODUCTION_LAKEHOUSE_US,CONSUMPTION,AIR_ANALYTICS,116,CREATED_BEFORE_DEPARTURE,BOOLEAN,YES
PRODUCTION_LAKEHOUSE_US,CONSUMPTION,AIR_ANALYTICS_MILESTONE,1,SHIPMENT_EVENT_ID,TEXT,YES
PRODUCTION_LAKEHOUSE_US,CONSUMPTION,AIR_ANALYTICS_MILESTONE,2,SHIPMENT_ID,TEXT,YES
PRODUCTION_LAKEHOUSE_US,CONSUMPTION,AIR_ANALYTICS_MILESTONE,3,STOP_ID_DEDUP,TEXT,YES
PRODUCTION_LAKEHOUSE_US,CONSUMPTION,AIR_ANALYTICS_MILESTONE,4,STOP_TYPE,TEXT,YES
PRODUCTION_LAKEHOUSE_US,CONSUMPTION,AIR_ANALYTICS_MILESTONE,5,STOP_NAME,TEXT,YES
PRODUCTION_LAKEHOUSE_US,CONSUMPTION,AIR_ANALYTICS_MILESTONE,6,AIRPORT_IATA,TEXT,YES
PRODUCTION_LAKEHOUSE_US,CONSUMPTION,AIR_ANALYTICS_MILESTONE,7,AIRPORT_ICAO,TEXT,YES
PRODUCTION_LAKEHOUSE_US,CONSUMPTION,AIR_ANALYTICS_MILESTONE,8,LOCODE,TEXT,YES
PRODUCTION_LAKEHOUSE_US,CONSUMPTION,AIR_ANALYTICS_MILESTONE,9,STAGE,TEXT,YES
PRODUCTION_LAKEHOUSE_US,CONSUMPTION,AIR_ANALYTICS_MILESTONE,10,MILESTONE,TEXT,YES
PRODUCTION_LAKEHOUSE_US,CONSUMPTION,AIR_ANALYTICS_MILESTONE,11,EXPECTED_MILESTONE,TEXT,YES
PRODUCTION_LAKEHOUSE_US,CONSUMPTION,AIR_ANALYTICS_MILESTONE,12,EVENT_TYPE,TEXT,YES
PRODUCTION_LAKEHOUSE_US,CONSUMPTION,AIR_ANALYTICS_MILESTONE,13,EVENT_DESCRIPTION,TEXT,YES
PRODUCTION_LAKEHOUSE_US,CONSUMPTION,AIR_ANALYTICS_MILESTONE,14,UTC_TIMESTAMP,TIMESTAMP_NTZ,YES
PRODUCTION_LAKEHOUSE_US,CONSUMPTION,AIR_ANALYTICS_MILESTONE,15,UTC_RETRIEVAL_TIMESTAMP,TIMESTAMP_NTZ,YES
PRODUCTION_LAKEHOUSE_US,CONSUMPTION,AIR_ANALYTICS_MILESTONE,16,LATENCY_IN_HOUR,NUMBER,YES
PRODUCTION_LAKEHOUSE_US,CONSUMPTION,AIR_ANALYTICS_MILESTONE,17,LATENCY_BIN,TEXT,YES
PRODUCTION_LAKEHOUSE_US,CONSUMPTION,AIR_ANALYTICS_MILESTONE,18,CREATED_DATE,TIMESTAMP_NTZ,YES
PRODUCTION_LAKEHOUSE_US,CONSUMPTION,AIR_ANALYTICS_MILESTONE,19,DELETED_DATE,TIMESTAMP_NTZ,YES
PRODUCTION_LAKEHOUSE_US,CONSUMPTION,AIR_ANALYTICS_MILESTONE,20,TRACKING_START_DATE,TIMESTAMP_NTZ,YES
PRODUCTION_LAKEHOUSE_US,CONSUMPTION,AIR_ANALYTICS_MILESTONE,21,TRACKING_END_DATE,TIMESTAMP_NTZ,YES
PRODUCTION_LAKEHOUSE_US,CONSUMPTION,AIR_ANALYTICS_MILESTONE,22,ID,TEXT,YES
PRODUCTION_LAKEHOUSE_US,CONSUMPTION,AIR_ANALYTICS_MILESTONE,23,MASTER_SHIPMENT_ID,TEXT,YES
PRODUCTION_LAKEHOUSE_US,CONSUMPTION,AIR_ANALYTICS_MILESTONE,24,TENANT_ID,NUMBER,YES
PRODUCTION_LAKEHOUSE_US,CONSUMPTION,AIR_ANALYTICS_MILESTONE,25,TENANT_NAME,TEXT,YES
PRODUCTION_LAKEHOUSE_US,CONSUMPTION,AIR_ANALYTICS_MILESTONE,26,TENANT_TYPE,TEXT,YES
PRODUCTION_LAKEHOUSE_US,CONSUMPTION,AIR_ANALYTICS_MILESTONE,27,AIRLINE_CODE,TEXT,YES
PRODUCTION_LAKEHOUSE_US,CONSUMPTION,AIR_ANALYTICS_MILESTONE,28,AIRLINE_NAME,TEXT,YES
PRODUCTION_LAKEHOUSE_US,CONSUMPTION,AIR_ANALYTICS_MILESTONE,29,CARRIER_IN_NETWORK,TEXT,YES
PRODUCTION_LAKEHOUSE_US,CONSUMPTION,AIR_ANALYTICS_MILESTONE,30,CARRIER_SCAC,TEXT,YES
PRODUCTION_LAKEHOUSE_US,CONSUMPTION,AIR_ANALYTICS_MILESTONE,31,CARRIER_NAME,TEXT,YES
PRODUCTION_LAKEHOUSE_US,CONSUMPTION,AIR_ANALYTICS_MILESTONE,32,AIR_WAYBILL,TEXT,YES
PRODUCTION_LAKEHOUSE_US,CONSUMPTION,AIR_ANALYTICS_MILESTONE,33,HOUSE_AIR_WAYBILL,TEXT,YES
PRODUCTION_LAKEHOUSE_US,CONSUMPTION,AIR_ANALYTICS_MILESTONE,34,BILL_OF_LADING,TEXT,YES
PRODUCTION_LAKEHOUSE_US,CONSUMPTION,AIR_ANALYTICS_MILESTONE,35,IS_MAWB_CORRECT_FORMAT,BOOLEAN,YES
PRODUCTION_LAKEHOUSE_US,CONSUMPTION,AIR_ANALYTICS_MILESTONE,36,TRACKING_TYPE,TEXT,YES
PRODUCTION_LAKEHOUSE_US,CONSUMPTION,AIR_ANALYTICS_MILESTONE,37,TRACKED,BOOLEAN,YES
PRODUCTION_LAKEHOUSE_US,CONSUMPTION,AIR_ANALYTICS_MILESTONE,38,PICKUP_NAME,TEXT,YES
PRODUCTION_LAKEHOUSE_US,CONSUMPTION,AIR_ANALYTICS_MILESTONE,39,PICKUP_CITY,TEXT,YES
PRODUCTION_LAKEHOUSE_US,CONSUMPTION,AIR_ANALYTICS_MILESTONE,40,PICKUP_STATE,TEXT,YES
PRODUCTION_LAKEHOUSE_US,CONSUMPTION,AIR_ANALYTICS_MILESTONE,41,PICKUP_COUNTRY,TEXT,YES
PRODUCTION_LAKEHOUSE_US,CONSUMPTION,AIR_ANALYTICS_MILESTONE,42,PICKUP_COUNTRY_NAME,TEXT,YES
PRODUCTION_LAKEHOUSE_US,CONSUMPTION,AIR_ANALYTICS_MILESTONE,43,PICKUP_REGION,TEXT,YES
PRODUCTION_LAKEHOUSE_US,CONSUMPTION,AIR_ANALYTICS_MILESTONE,44,PICKUP_SUBREGION,TEXT,YES
PRODUCTION_LAKEHOUSE_US,CONSUMPTION,AIR_ANALYTICS_MILESTONE,45,DESTINATION_NAME,TEXT,YES
PRODUCTION_LAKEHOUSE_US,CONSUMPTION,AIR_ANALYTICS_MILESTONE,46,DESTINATION_CITY,TEXT,YES
PRODUCTION_LAKEHOUSE_US,CONSUMPTION,AIR_ANALYTICS_MILESTONE,47,DESTINATION_STATE,TEXT,YES
PRODUCTION_LAKEHOUSE_US,CONSUMPTION,AIR_ANALYTICS_MILESTONE,48,DROPOFF_COUNTRY,TEXT,YES
PRODUCTION_LAKEHOUSE_US,CONSUMPTION,AIR_ANALYTICS_MILESTONE,49,DESTINATION_COUNTRY_NAME,TEXT,YES
PRODUCTION_LAKEHOUSE_US,CONSUMPTION,AIR_ANALYTICS_MILESTONE,50,DESTINATION_REGION,TEXT,YES
PRODUCTION_LAKEHOUSE_US,CONSUMPTION,AIR_ANALYTICS_MILESTONE,51,DESTINATION_SUBREGION,TEXT,YES
PRODUCTION_LAKEHOUSE_US,CONSUMPTION,AIR_ANALYTICS_MILESTONE,52,PICKUP_CITY_STATE,TEXT,YES
PRODUCTION_LAKEHOUSE_US,CONSUMPTION,AIR_ANALYTICS_MILESTONE,53,DESTINATION_CITY_STATE,TEXT,YES
PRODUCTION_LAKEHOUSE_US,CONSUMPTION,AIR_ANALYTICS_MILESTONE,54,MILESTONES_EXPECTED,NUMBER,YES
PRODUCTION_LAKEHOUSE_US,CONSUMPTION,AIR_ANALYTICS_MILESTONE,55,MILESTONES_CAPTURED,NUMBER,YES
PRODUCTION_LAKEHOUSE_US,CONSUMPTION,AIR_ANALYTICS_MILESTONE,56,MILESTONES_EXPECTED_M1_FLIGHT_BOOKED,NUMBER,YES
PRODUCTION_LAKEHOUSE_US,CONSUMPTION,AIR_ANALYTICS_MILESTONE,57,MILESTONES_CAPTURED_M1_FLIGHT_BOOKED,NUMBER,YES
PRODUCTION_LAKEHOUSE_US,CONSUMPTION,AIR_ANALYTICS_MILESTONE,58,MILESTONES_EXPECTED_M5_DEPARTURE,NUMBER,YES
PRODUCTION_LAKEHOUSE_US,CONSUMPTION,AIR_ANALYTICS_MILESTONE,59,MILESTONES_CAPTURED_M5_DEPARTURE,NUMBER,YES
PRODUCTION_LAKEHOUSE_US,CONSUMPTION,AIR_ANALYTICS_MILESTONE,60,MILESTONES_EXPECTED_M6_ARRIVAL,NUMBER,YES
PRODUCTION_LAKEHOUSE_US,CONSUMPTION,AIR_ANALYTICS_MILESTONE,61,MILESTONES_CAPTURED_M6_ARRIVAL,NUMBER,YES
PRODUCTION_LAKEHOUSE_US,CONSUMPTION,AIR_ANALYTICS_MILESTONE,62,MILESTONES_EXPECTED_M7_RECEIVED_TRANSIT,NUMBER,YES
PRODUCTION_LAKEHOUSE_US,CONSUMPTION,AIR_ANALYTICS_MILESTONE,63,MILESTONES_CAPTURED_M7_RECEIVED_TRANSIT,NUMBER,YES
PRODUCTION_LAKEHOUSE_US,CONSUMPTION,AIR_ANALYTICS_MILESTONE,64,LATENCY_UPDATES_RECEIVED,NUMBER,YES
PRODUCTION_LAKEHOUSE_US,CONSUMPTION,AIR_ANALYTICS_MILESTONE,65,LATENCY_UPDATES_PASSED,NUMBER,YES
PRODUCTION_LAKEHOUSE_US,CONSUMPTION,AIR_ANALYTICS_MILESTONE,66,LATENCY_SUM,NUMBER,YES
PRODUCTION_LAKEHOUSE_US,CONSUMPTION,AIR_ANALYTICS_MILESTONE,67,LATENCY_0_2HR,NUMBER,YES
PRODUCTION_LAKEHOUSE_US,CONSUMPTION,AIR_ANALYTICS_MILESTONE,68,LATENCY_2_4HR,NUMBER,YES
PRODUCTION_LAKEHOUSE_US,CONSUMPTION,AIR_ANALYTICS_MILESTONE,69,LATENCY_4_6HR,NUMBER,YES
PRODUCTION_LAKEHOUSE_US,CONSUMPTION,AIR_ANALYTICS_MILESTONE,70,LATENCY_6_8HR,NUMBER,YES
PRODUCTION_LAKEHOUSE_US,CONSUMPTION,AIR_ANALYTICS_MILESTONE,71,LATENCY_8_10HR,NUMBER,YES
PRODUCTION_LAKEHOUSE_US,CONSUMPTION,AIR_ANALYTICS_MILESTONE,72,LATENCY_10HR,NUMBER,YES
PRODUCTION_LAKEHOUSE_US,CONSUMPTION,AIR_ANALYTICS_MILESTONE,73,M10_IMPORT_CUSTOM_CLEARED_UTC_DT,TIMESTAMP_NTZ,YES
PRODUCTION_LAKEHOUSE_US,CONSUMPTION,AIR_ANALYTICS_MILESTONE,74,M11_NOTIFIED_UTC_DT,TIMESTAMP_NTZ,YES
PRODUCTION_LAKEHOUSE_US,CONSUMPTION,AIR_ANALYTICS_MILESTONE,75,M12_DELIVERED_UTC_DT,TIMESTAMP_NTZ,YES
PRODUCTION_LAKEHOUSE_US,CONSUMPTION,AIR_ANALYTICS_MILESTONE,76,M1_FLIGHT_BOOKED_UTC_DT,TIMESTAMP_NTZ,YES
PRODUCTION_LAKEHOUSE_US,CONSUMPTION,AIR_ANALYTICS_MILESTONE,77,M2_EXPORT_CUSTOM_CLEARANCE_UTC_DT,TIMESTAMP_NTZ,YES
PRODUCTION_LAKEHOUSE_US,CONSUMPTION,AIR_ANALYTICS_MILESTONE,78,M3_READY_FOR_CARRIAGE_UTC_DT,TIMESTAMP_NTZ,YES
PRODUCTION_LAKEHOUSE_US,CONSUMPTION,AIR_ANALYTICS_MILESTONE,79,M4_CARGO_LOADED_ONTO_PLANE_UTC_DT,TIMESTAMP_NTZ,YES
PRODUCTION_LAKEHOUSE_US,CONSUMPTION,AIR_ANALYTICS_MILESTONE,80,M5_DEPARTURE_UTC_DT,TIMESTAMP_NTZ,YES
PRODUCTION_LAKEHOUSE_US,CONSUMPTION,AIR_ANALYTICS_MILESTONE,81,M6_ARRIVAL_UTC_DT,TIMESTAMP_NTZ,YES
PRODUCTION_LAKEHOUSE_US,CONSUMPTION,AIR_ANALYTICS_MILESTONE,82,M7_RECEIVED_TRANSIT_UTC_DT,TIMESTAMP_NTZ,YES
PRODUCTION_LAKEHOUSE_US,CONSUMPTION,AIR_ANALYTICS_MILESTONE,83,M8_RECEIVED_CARGO_FROM_FLIGHT_UTC_DT,TIMESTAMP_NTZ,YES
PRODUCTION_LAKEHOUSE_US,CONSUMPTION,AIR_ANALYTICS_MILESTONE,84,M9_IMPORT_CUSTOM_ON_HOLD_UTC_DT,TIMESTAMP_NTZ,YES
PRODUCTION_LAKEHOUSE_US,CONSUMPTION,AIR_ANALYTICS_MILESTONE,85,O1_RECEIVED_IMPORT_HUB_UTC_DT,TIMESTAMP_NTZ,YES
PRODUCTION_LAKEHOUSE_US,CONSUMPTION,AIR_ANALYTICS_MILESTONE,86,O2_DEPARTED_IMPORT_HUB_UTC_DT,TIMESTAMP_NTZ,YES
PRODUCTION_LAKEHOUSE_US,CONSUMPTION,AIR_ANALYTICS_MILESTONE,87,O3_RECEIVED_IMPORT_WAREHOUSE_UTC_DT,TIMESTAMP_NTZ,YES
PRODUCTION_LAKEHOUSE_US,CONSUMPTION,AIR_ANALYTICS_MILESTONE,88,O4_OUT_FOR_DELIVERY_UTC_DT,TIMESTAMP_NTZ,YES
PRODUCTION_LAKEHOUSE_US,CONSUMPTION,AIR_ANALYTICS_MILESTONE,89,O5_THIRD_PARTY_NOTIFICATION_UTC_DT,TIMESTAMP_NTZ,YES
PRODUCTION_LAKEHOUSE_US,CONSUMPTION,AIR_ANALYTICS_MILESTONE,90,O6_PROOF_OF_DELIVERY_UTC_DT,TIMESTAMP_NTZ,YES
PRODUCTION_LAKEHOUSE_US,CONSUMPTION,AIR_ANALYTICS_MILESTONE,91,P1_PICKUP_UTC_DT,TIMESTAMP_NTZ,YES
PRODUCTION_LAKEHOUSE_US,CONSUMPTION,AIR_ANALYTICS_MILESTONE,92,P2_RECEIVED_AT_EXPORT_WAREHOUSE_UTC_DT,TIMESTAMP_NTZ,YES
PRODUCTION_LAKEHOUSE_US,CONSUMPTION,AIR_ANALYTICS_MILESTONE,93,P3_DEPARTED_EXPORT_STATION_UTC_DT,TIMESTAMP_NTZ,YES
PRODUCTION_LAKEHOUSE_US,CONSUMPTION,AIR_ANALYTICS_MILESTONE,94,P4_RECEIVED_AT_EXPORT_HUB_UTC_DT,TIMESTAMP_NTZ,YES
PRODUCTION_LAKEHOUSE_US,CONSUMPTION,AIR_ANALYTICS_MILESTONE,95,P5_DEPARTED_EXPORT_HUB_UTC_DT,TIMESTAMP_NTZ,YES
PRODUCTION_LAKEHOUSE_US,CONSUMPTION,AIR_ANALYTICS_MILESTONE,96,P6_FREIGHT_ON_HAND_UTC_DT,TIMESTAMP_NTZ,YES
PRODUCTION_LAKEHOUSE_US,CONSUMPTION,AIR_ANALYTICS_MILESTONE,97,M10_IMPORT_CUSTOM_CLEARED_UTC_RETRIEVAL_DT,TIMESTAMP_NTZ,YES
PRODUCTION_LAKEHOUSE_US,CONSUMPTION,AIR_ANALYTICS_MILESTONE,98,M11_NOTIFIED_UTC_RETRIEVAL_DT,TIMESTAMP_NTZ,YES
PRODUCTION_LAKEHOUSE_US,CONSUMPTION,AIR_ANALYTICS_MILESTONE,99,M12_DELIVERED_UTC_RETRIEVAL_DT,TIMESTAMP_NTZ,YES
PRODUCTION_LAKEHOUSE_US,CONSUMPTION,AIR_ANALYTICS_MILESTONE,100,M1_FLIGHT_BOOKED_UTC_RETRIEVAL_DT,TIMESTAMP_NTZ,YES
PRODUCTION_LAKEHOUSE_US,CONSUMPTION,AIR_ANALYTICS_MILESTONE,101,M2_EXPORT_CUSTOM_CLEARANCE_UTC_RETRIEVAL_DT,TIMESTAMP_NTZ,YES
PRODUCTION_LAKEHOUSE_US,CONSUMPTION,AIR_ANALYTICS_MILESTONE,102,M3_READY_FOR_CARRIAGE_UTC_RETRIEVAL_DT,TIMESTAMP_NTZ,YES
PRODUCTION_LAKEHOUSE_US,CONSUMPTION,AIR_ANALYTICS_MILESTONE,103,M4_CARGO_LOADED_ONTO_PLANE_UTC_RETRIEVAL_DT,TIMESTAMP_NTZ,YES
PRODUCTION_LAKEHOUSE_US,CONSUMPTION,AIR_ANALYTICS_MILESTONE,104,M5_DEPARTURE_UTC_RETRIEVAL_DT,TIMESTAMP_NTZ,YES
PRODUCTION_LAKEHOUSE_US,CONSUMPTION,AIR_ANALYTICS_MILESTONE,105,M6_ARRIVAL_UTC_RETRIEVAL_DT,TIMESTAMP_NTZ,YES
PRODUCTION_LAKEHOUSE_US,CONSUMPTION,AIR_ANALYTICS_MILESTONE,106,M7_RECEIVED_TRANSIT_UTC_RETRIEVAL_DT,TIMESTAMP_NTZ,YES
PRODUCTION_LAKEHOUSE_US,CONSUMPTION,AIR_ANALYTICS_MILESTONE,107,M8_RECEIVED_CARGO_FROM_FLIGHT_UTC_RETRIEVAL_DT,TIMESTAMP_NTZ,YES
PRODUCTION_LAKEHOUSE_US,CONSUMPTION,AIR_ANALYTICS_MILESTONE,108,M9_IMPORT_CUSTOM_ON_HOLD_UTC_RETRIEVAL_DT,TIMESTAMP_NTZ,YES
PRODUCTION_LAKEHOUSE_US,CONSUMPTION,AIR_ANALYTICS_MILESTONE,109,O1_RECEIVED_IMPORT_HUB_UTC_RETRIEVAL_DT,TIMESTAMP_NTZ,YES
PRODUCTION_LAKEHOUSE_US,CONSUMPTION,AIR_ANALYTICS_MILESTONE,110,O2_DEPARTED_IMPORT_HUB_UTC_RETRIEVAL_DT,TIMESTAMP_NTZ,YES
PRODUCTION_LAKEHOUSE_US,CONSUMPTION,AIR_ANALYTICS_MILESTONE,111,O3_RECEIVED_IMPORT_WAREHOUSE_UTC_RETRIEVAL_DT,TIMESTAMP_NTZ,YES
PRODUCTION_LAKEHOUSE_US,CONSUMPTION,AIR_ANALYTICS_MILESTONE,112,O4_OUT_FOR_DELIVERY_UTC_RETRIEVAL_DT,TIMESTAMP_NTZ,YES
PRODUCTION_LAKEHOUSE_US,CONSUMPTION,AIR_ANALYTICS_MILESTONE,113,O5_THIRD_PARTY_NOTIFICATION_UTC_RETRIEVAL_DT,TIMESTAMP_NTZ,YES
PRODUCTION_LAKEHOUSE_US,CONSUMPTION,AIR_ANALYTICS_MILESTONE,114,O6_PROOF_OF_DELIVERY_UTC_RETRIEVAL_DT,TIMESTAMP_NTZ,YES
PRODUCTION_LAKEHOUSE_US,CONSUMPTION,AIR_ANALYTICS_MILESTONE,115,P1_PICKUP_UTC_RETRIEVAL_DT,TIMESTAMP_NTZ,YES
PRODUCTION_LAKEHOUSE_US,CONSUMPTION,AIR_ANALYTICS_MILESTONE,116,P2_RECEIVED_AT_EXPORT_WAREHOUSE_UTC_RETRIEVAL_DT,TIMESTAMP_NTZ,YES
PRODUCTION_LAKEHOUSE_US,CONSUMPTION,AIR_ANALYTICS_MILESTONE,117,P3_DEPARTED_EXPORT_STATION_UTC_RETRIEVAL_DT,TIMESTAMP_NTZ,YES
PRODUCTION_LAKEHOUSE_US,CONSUMPTION,AIR_ANALYTICS_MILESTONE,118,P4_RECEIVED_AT_EXPORT_HUB_UTC_RETRIEVAL_DT,TIMESTAMP_NTZ,YES
PRODUCTION_LAKEHOUSE_US,CONSUMPTION,AIR_ANALYTICS_MILESTONE,119,P5_DEPARTED_EXPORT_HUB_UTC_RETRIEVAL_DT,TIMESTAMP_NTZ,YES
PRODUCTION_LAKEHOUSE_US,CONSUMPTION,AIR_ANALYTICS_MILESTONE,120,P6_FREIGHT_ON_HAND_UTC_RETRIEVAL_DT,TIMESTAMP_NTZ,YES
PRODUCTION_LAKEHOUSE_US,CONSUMPTION,AIR_ANALYTICS_MILESTONE,121,FIRST_TRACKED_MILESTONE_TIMESTAMP,TIMESTAMP_NTZ,YES
PRODUCTION_LAKEHOUSE_US,CONSUMPTION,AIR_ANALYTICS_MILESTONE,122,IS_ONTIME_DELIVERY,BOOLEAN,YES
PRODUCTION_LAKEHOUSE_US,CONSUMPTION,AIR_ANALYTICS_MILESTONE,123,IS_LATE_DELIVERY,BOOLEAN,YES
PRODUCTION_LAKEHOUSE_US,CONSUMPTION,AIR_ANALYTICS_MILESTONE,124,TRANSIT_TIME_MAINLEG,NUMBER,YES
PRODUCTION_LAKEHOUSE_US,CONSUMPTION,AIR_ANALYTICS_MILESTONE,125,FIRST_PRECARRIAGE_DT,TIMESTAMP_NTZ,YES
PRODUCTION_LAKEHOUSE_US,CONSUMPTION,AIR_ANALYTICS_MILESTONE,126,LAST_PRECARRIAGE_DT,TIMESTAMP_NTZ,YES
PRODUCTION_LAKEHOUSE_US,CONSUMPTION,AIR_ANALYTICS_MILESTONE,127,TRANSIT_TIME_PRECARRIAGE,NUMBER,YES
PRODUCTION_LAKEHOUSE_US,CONSUMPTION,AIR_ANALYTICS_MILESTONE,128,FIRST_ONCARRIAGE_DT,TIMESTAMP_NTZ,YES
PRODUCTION_LAKEHOUSE_US,CONSUMPTION,AIR_ANALYTICS_MILESTONE,129,LAST_ONCARRIAGE_DT,TIMESTAMP_NTZ,YES
PRODUCTION_LAKEHOUSE_US,CONSUMPTION,AIR_ANALYTICS_MILESTONE,130,TRANSIT_TIME_ONCARRIAGE,NUMBER,YES
PRODUCTION_LAKEHOUSE_US,CONSUMPTION,AIR_ANALYTICS_MILESTONE,131,CREATED_BEFORE_DEPARTURE,BOOLEAN,YES
PRODUCTION_LAKEHOUSE_US,CONSUMPTION,RAIL_ANALYTICS,1,ID,TEXT,YES
PRODUCTION_LAKEHOUSE_US,CONSUMPTION,RAIL_ANALYTICS,2,MASTER_SHIPMENT_UUID,TEXT,YES
PRODUCTION_LAKEHOUSE_US,CONSUMPTION,RAIL_ANALYTICS,3,WAYBILL_IDENTIFIER,TEXT,YES
PRODUCTION_LAKEHOUSE_US,CONSUMPTION,RAIL_ANALYTICS,4,BILL_OF_LADING_IDENTIFIER,TEXT,YES
PRODUCTION_LAKEHOUSE_US,CONSUMPTION,RAIL_ANALYTICS,5,BILL_OF_LADING,TEXT,YES
PRODUCTION_LAKEHOUSE_US,CONSUMPTION,RAIL_ANALYTICS,6,WAYBILL,TEXT,YES
PRODUCTION_LAKEHOUSE_US,CONSUMPTION,RAIL_ANALYTICS,7,EQUIPMENT_ID,NUMBER,YES
PRODUCTION_LAKEHOUSE_US,CONSUMPTION,RAIL_ANALYTICS,8,CONTAINER_ID,TEXT,YES
PRODUCTION_LAKEHOUSE_US,CONSUMPTION,RAIL_ANALYTICS,9,RAIL_CAR_ID,TEXT,YES
PRODUCTION_LAKEHOUSE_US,CONSUMPTION,RAIL_ANALYTICS,10,TRAILER_ID,TEXT,YES
PRODUCTION_LAKEHOUSE_US,CONSUMPTION,RAIL_ANALYTICS,11,TENANT_ID,NUMBER,YES
PRODUCTION_LAKEHOUSE_US,CONSUMPTION,RAIL_ANALYTICS,12,TENANT_NAME,TEXT,YES
PRODUCTION_LAKEHOUSE_US,CONSUMPTION,RAIL_ANALYTICS,13,TENANT_UUID,TEXT,YES
PRODUCTION_LAKEHOUSE_US,CONSUMPTION,RAIL_ANALYTICS,14,TENANT_TYPE,TEXT,YES
PRODUCTION_LAKEHOUSE_US,CONSUMPTION,RAIL_ANALYTICS,15,CARRIER_ID,TEXT,YES
PRODUCTION_LAKEHOUSE_US,CONSUMPTION,RAIL_ANALYTICS,16,CARRIER_NAME,TEXT,YES
PRODUCTION_LAKEHOUSE_US,CONSUMPTION,RAIL_ANALYTICS,17,TRACKED,BOOLEAN,YES
PRODUCTION_LAKEHOUSE_US,CONSUMPTION,RAIL_ANALYTICS,18,PICKUP_NAME,TEXT,YES
PRODUCTION_LAKEHOUSE_US,CONSUMPTION,RAIL_ANALYTICS,19,PICKUP_CITY,TEXT,YES
PRODUCTION_LAKEHOUSE_US,CONSUMPTION,RAIL_ANALYTICS,20,PICKUP_STATE,TEXT,YES
PRODUCTION_LAKEHOUSE_US,CONSUMPTION,RAIL_ANALYTICS,21,PICKUP_COUNTRY,TEXT,YES
PRODUCTION_LAKEHOUSE_US,CONSUMPTION,RAIL_ANALYTICS,22,PICKUP_REGION,TEXT,YES
PRODUCTION_LAKEHOUSE_US,CONSUMPTION,RAIL_ANALYTICS,23,PICKUP_SUBREGION,TEXT,YES
PRODUCTION_LAKEHOUSE_US,CONSUMPTION,RAIL_ANALYTICS,24,PICKUP_CITY_STATE,TEXT,YES
PRODUCTION_LAKEHOUSE_US,CONSUMPTION,RAIL_ANALYTICS,25,DESTINATION_NAME,TEXT,YES
PRODUCTION_LAKEHOUSE_US,CONSUMPTION,RAIL_ANALYTICS,26,DESTINATION_CITY,TEXT,YES
PRODUCTION_LAKEHOUSE_US,CONSUMPTION,RAIL_ANALYTICS,27,DESTINATION_STATE,TEXT,YES
PRODUCTION_LAKEHOUSE_US,CONSUMPTION,RAIL_ANALYTICS,28,DESTINATION_COUNTRY,TEXT,YES
PRODUCTION_LAKEHOUSE_US,CONSUMPTION,RAIL_ANALYTICS,29,DESTINATION_REGION,TEXT,YES
PRODUCTION_LAKEHOUSE_US,CONSUMPTION,RAIL_ANALYTICS,30,DESTINATION_SUBREGION,TEXT,YES
PRODUCTION_LAKEHOUSE_US,CONSUMPTION,RAIL_ANALYTICS,31,DROPOFF_CITY_STATE,TEXT,YES
PRODUCTION_LAKEHOUSE_US,CONSUMPTION,RAIL_ANALYTICS,32,CREATED_DATE,TIMESTAMP_NTZ,YES
PRODUCTION_LAKEHOUSE_US,CONSUMPTION,RAIL_ANALYTICS,33,DELETED_DATE,TIMESTAMP_NTZ,YES
PRODUCTION_LAKEHOUSE_US,CONSUMPTION,RAIL_ANALYTICS,34,TRACKING_START_DATE,TIMESTAMP_NTZ,YES
PRODUCTION_LAKEHOUSE_US,CONSUMPTION,RAIL_ANALYTICS,35,TRACKING_END_DATE,TIMESTAMP_NTZ,YES
PRODUCTION_LAKEHOUSE_US,CONSUMPTION,RAIL_ANALYTICS,36,MILESTONES_EXPECTED,NUMBER,YES
PRODUCTION_LAKEHOUSE_US,CONSUMPTION,RAIL_ANALYTICS,37,SHIPMENT_ID,NUMBER,YES
PRODUCTION_LAKEHOUSE_US,CONSUMPTION,RAIL_ANALYTICS,38,ORIGIN_ARRIVED_UTC_DT,TIMESTAMP_NTZ,YES
PRODUCTION_LAKEHOUSE_US,CONSUMPTION,RAIL_ANALYTICS,39,ORIGIN_IN_GATE_UTC_DT,TIMESTAMP_NTZ,YES
PRODUCTION_LAKEHOUSE_US,CONSUMPTION,RAIL_ANALYTICS,40,ORIGIN_RAMPED_UTC_DT,TIMESTAMP_NTZ,YES
PRODUCTION_LAKEHOUSE_US,CONSUMPTION,RAIL_ANALYTICS,41,ORIGIN_DEPARTED_UTC_DT,TIMESTAMP_NTZ,YES
PRODUCTION_LAKEHOUSE_US,CONSUMPTION,RAIL_ANALYTICS,42,DESTINATION_ARRIVED_UTC_DT,TIMESTAMP_NTZ,YES
PRODUCTION_LAKEHOUSE_US,CONSUMPTION,RAIL_ANALYTICS,43,DESTINATION_DERAMPED_UTC_DT,TIMESTAMP_NTZ,YES
PRODUCTION_LAKEHOUSE_US,CONSUMPTION,RAIL_ANALYTICS,44,DESTINATION_OUT_GATE_UTC_DT,TIMESTAMP_NTZ,YES
PRODUCTION_LAKEHOUSE_US,CONSUMPTION,RAIL_ANALYTICS,45,DESTINATION_DEPARTED_UTC_DT,TIMESTAMP_NTZ,YES
PRODUCTION_LAKEHOUSE_US,CONSUMPTION,RAIL_ANALYTICS,46,ORIGIN_ARRIVED_UTC_RETRIEVAL_DT,TIMESTAMP_NTZ,YES
PRODUCTION_LAKEHOUSE_US,CONSUMPTION,RAIL_ANALYTICS,47,ORIGIN_IN_GATE_UTC_RETRIEVAL_DT,TIMESTAMP_NTZ,YES
PRODUCTION_LAKEHOUSE_US,CONSUMPTION,RAIL_ANALYTICS,48,ORIGIN_RAMPED_UTC_RETRIEVAL_DT,TIMESTAMP_NTZ,YES
PRODUCTION_LAKEHOUSE_US,CONSUMPTION,RAIL_ANALYTICS,49,ORIGIN_DEPARTED_UTC_RETRIEVAL_DT,TIMESTAMP_NTZ,YES
PRODUCTION_LAKEHOUSE_US,CONSUMPTION,RAIL_ANALYTICS,50,DESTINATION_ARRIVED_UTC_RETRIEVAL_DT,TIMESTAMP_NTZ,YES
PRODUCTION_LAKEHOUSE_US,CONSUMPTION,RAIL_ANALYTICS,51,DESTINATION_DERAMPED_UTC_RETRIEVAL_DT,TIMESTAMP_NTZ,YES
PRODUCTION_LAKEHOUSE_US,CONSUMPTION,RAIL_ANALYTICS,52,DESTINATION_OUT_GATE_UTC_RETRIEVAL_DT,TIMESTAMP_NTZ,YES
PRODUCTION_LAKEHOUSE_US,CONSUMPTION,RAIL_ANALYTICS,53,DESTINATION_DEPARTED_UTC_RETRIEVAL_DT,TIMESTAMP_NTZ,YES
PRODUCTION_LAKEHOUSE_US,CONSUMPTION,RAIL_ANALYTICS,54,MILESTONES_CAPTURED,NUMBER,YES
PRODUCTION_LAKEHOUSE_US,CONSUMPTION,RAIL_ANALYTICS,55,LATENCY_UPDATES_RECEIVED,NUMBER,YES
PRODUCTION_LAKEHOUSE_US,CONSUMPTION,RAIL_ANALYTICS,56,LATENCY_UPDATES_PASSED,NUMBER,YES
PRODUCTION_LAKEHOUSE_US,CONSUMPTION,RAIL_ANALYTICS,57,LATENCY_SUM,NUMBER,YES
PRODUCTION_LAKEHOUSE_US,CONSUMPTION,RAIL_ANALYTICS,58,LATENCY_IN_HOUR,NUMBER,YES
PRODUCTION_LAKEHOUSE_US,CONSUMPTION,RAIL_ANALYTICS,59,LATENCY_0_2HR,NUMBER,YES
PRODUCTION_LAKEHOUSE_US,CONSUMPTION,RAIL_ANALYTICS,60,LATENCY_2_4HR,NUMBER,YES
PRODUCTION_LAKEHOUSE_US,CONSUMPTION,RAIL_ANALYTICS,61,LATENCY_4_6HR,NUMBER,YES
PRODUCTION_LAKEHOUSE_US,CONSUMPTION,RAIL_ANALYTICS,62,LATENCY_6_8HR,NUMBER,YES
PRODUCTION_LAKEHOUSE_US,CONSUMPTION,RAIL_ANALYTICS,63,LATENCY_8_10HR,NUMBER,YES
PRODUCTION_LAKEHOUSE_US,CONSUMPTION,RAIL_ANALYTICS,64,LATENCY_10HR,NUMBER,YES
PRODUCTION_LAKEHOUSE_US,CONSUMPTION,RAIL_MILESTONES,1,SHIPMENT_ID,NUMBER,YES
PRODUCTION_LAKEHOUSE_US,CONSUMPTION,RAIL_MILESTONES,2,TENANT_ID,NUMBER,YES
PRODUCTION_LAKEHOUSE_US,CONSUMPTION,RAIL_MILESTONES,3,SCAC_MILESTONE,TEXT,YES
PRODUCTION_LAKEHOUSE_US,CONSUMPTION,RAIL_MILESTONES,4,STOP_NUMBER,NUMBER,YES
PRODUCTION_LAKEHOUSE_US,CONSUMPTION,RAIL_MILESTONES,5,STOP_NAME,TEXT,YES
PRODUCTION_LAKEHOUSE_US,CONSUMPTION,RAIL_MILESTONES,6,STOP_CITY,TEXT,YES
PRODUCTION_LAKEHOUSE_US,CONSUMPTION,RAIL_MILESTONES,7,STOP_STATE,TEXT,YES
PRODUCTION_LAKEHOUSE_US,CONSUMPTION,RAIL_MILESTONES,8,STOP_COUNTRY,TEXT,YES
PRODUCTION_LAKEHOUSE_US,CONSUMPTION,RAIL_MILESTONES,9,MILESTONE,TEXT,YES
PRODUCTION_LAKEHOUSE_US,CONSUMPTION,RAIL_MILESTONES,10,MILESTONE_ORDER,NUMBER,YES
PRODUCTION_LAKEHOUSE_US,CONSUMPTION,RAIL_MILESTONES,11,UTC_TIMESTAMP,TIMESTAMP_NTZ,YES
PRODUCTION_LAKEHOUSE_US,CONSUMPTION,RAIL_MILESTONES,12,CREATED_DT,TIMESTAMP_NTZ,YES
PRODUCTION_LAKEHOUSE_US,CONSUMPTION,RAIL_MILESTONES,13,POSTING_DT,TIMESTAMP_NTZ,YES
PRODUCTION_LAKEHOUSE_US,CONSUMPTION,RAIL_MILESTONES,14,REASON_DESCRIPTION,TEXT,YES
PRODUCTION_LAKEHOUSE_US,CONSUMPTION,RAIL_MILESTONES,15,LATENCY_IN_HOUR,NUMBER,YES
PRODUCTION_LAKEHOUSE_US,CONSUMPTION,RAIL_MILESTONES,16,LATENCY_IN_HOUR_RAILINC,NUMBER,YES
PRODUCTION_LAKEHOUSE_US,CONSUMPTION,RAIL_MILESTONES,17,LATENCY_IN_HOUR_P44,NUMBER,YES
PRODUCTION_LAKEHOUSE_US,LOCATIONSERVICE,LOCATION,1,ID,TEXT,YES
PRODUCTION_LAKEHOUSE_US,LOCATIONSERVICE,LOCATION,2,TENANT_ID,NUMBER,YES
PRODUCTION_LAKEHOUSE_US,LOCATIONSERVICE,LOCATION,3,NAME,TEXT,YES
PRODUCTION_LAKEHOUSE_US,LOCATIONSERVICE,LOCATION,4,FULL_ADDRESS,TEXT,YES
PRODUCTION_LAKEHOUSE_US,LOCATIONSERVICE,LOCATION,5,SPECIFICITY,TEXT,YES
PRODUCTION_LAKEHOUSE_US,LOCATIONSERVICE,LOCATION,6,CITY,TEXT,YES
PRODUCTION_LAKEHOUSE_US,LOCATIONSERVICE,LOCATION,7,STATE,TEXT,YES
PRODUCTION_LAKEHOUSE_US,LOCATIONSERVICE,LOCATION,8,POSTAL_CODE,TEXT,YES
PRODUCTION_LAKEHOUSE_US,LOCATIONSERVICE,LOCATION,9,COUNTRY,TEXT,YES
PRODUCTION_LAKEHOUSE_US,LOCATIONSERVICE,LOCATION,10,LOCATION,GEOGRAPHY,YES
PRODUCTION_LAKEHOUSE_US,LOCATIONSERVICE,LOCATION,11,GEOFENCE,TEXT,YES
PRODUCTION_LAKEHOUSE_US,LOCATIONSERVICE,LOCATION,12,CREATED_BY_ID,NUMBER,YES
PRODUCTION_LAKEHOUSE_US,LOCATIONSERVICE,LOCATION,13,CREATED_DATE_TIME,TIMESTAMP_NTZ,YES
PRODUCTION_LAKEHOUSE_US,LOCATIONSERVICE,LOCATION,14,LAST_MODIFIED_BY_ID,NUMBER,YES
PRODUCTION_LAKEHOUSE_US,LOCATIONSERVICE,LOCATION,15,LAST_MODIFIED_DATE_TIME,TIMESTAMP_NTZ,YES
PRODUCTION_LAKEHOUSE_US,LOCATIONSERVICE,LOCATION,16,DELETED_DATE_TIME,TIMESTAMP_NTZ,YES
PRODUCTION_LAKEHOUSE_US,LOCATIONSERVICE,LOCATION,17,MASTER_ID,TEXT,YES
PRODUCTION_LAKEHOUSE_US,LOCATIONSERVICE,LOCATION,18,ADDRESS1,TEXT,YES
PRODUCTION_LAKEHOUSE_US,LOCATIONSERVICE,LOCATION,19,ADDRESS2,TEXT,YES
PRODUCTION_LAKEHOUSE_US,LOCATIONSERVICE,LOCATION,20,ADDRESS3,TEXT,YES
PRODUCTION_LAKEHOUSE_US,LOCATIONSERVICE,LOCATION,21,ACCURACY_IN_METERS,FLOAT,YES
PRODUCTION_LAKEHOUSE_US,LOCATIONSERVICE,LOCATION,22,LOCAL_TIME_ZONE_ID,TEXT,YES
PRODUCTION_LAKEHOUSE_US,LOCATIONSERVICE,LOCATION,23,VERSION,NUMBER,YES
PRODUCTION_LAKEHOUSE_US,LOCATIONSERVICE,LOCATION,24,MASTER_VERSION,NUMBER,YES
PRODUCTION_LAKEHOUSE_US,LOCATIONSERVICE,LOCATION,25,IS_LATEST,BOOLEAN,YES
PRODUCTION_LAKEHOUSE_US,LOCATIONSERVICE,LOCATION,26,SPECIFIED_ID,TEXT,YES
PRODUCTION_LAKEHOUSE_US,LOCATIONSERVICE,LOCATION,27,IDENTIFIERS,VARIANT,YES
PRODUCTION_LAKEHOUSE_US,LOCATIONSERVICE,LOCATION,28,_META_IMPORT_JOB_ID,NUMBER,YES
PRODUCTION_LAKEHOUSE_US,LOCATIONSERVICE,LOCATION,29,DATA_SOURCE,TEXT,YES
PRODUCTION_LAKEHOUSE_US,LOCATIONSERVICE,LOCATION,30,TYPE,TEXT,YES
PRODUCTION_LAKEHOUSE_US,LOCATIONSERVICE,LOCATION,31,ALTERNATE_INFO,TEXT,YES
PRODUCTION_LAKEHOUSE_US,LOCATIONSERVICE,LOCATION,32,SECURITY_LEVEL,TEXT,YES
PRODUCTION_LAKEHOUSE_US,LTL_ANALYTICS_INTERNAL,LTL_DATA_QUALITY,1,TENANT_UUID,TEXT,YES
PRODUCTION_LAKEHOUSE_US,LTL_ANALYTICS_INTERNAL,LTL_DATA_QUALITY,2,TENANT_TYPE,TEXT,YES
PRODUCTION_LAKEHOUSE_US,LTL_ANALYTICS_INTERNAL,LTL_DATA_QUALITY,3,TENANT_NAME,TEXT,YES
PRODUCTION_LAKEHOUSE_US,LTL_ANALYTICS_INTERNAL,LTL_DATA_QUALITY,4,ORDER_NUMBER,TEXT,YES
PRODUCTION_LAKEHOUSE_US,LTL_ANALYTICS_INTERNAL,LTL_DATA_QUALITY,5,BILL_OF_LADING,TEXT,YES
PRODUCTION_LAKEHOUSE_US,LTL_ANALYTICS_INTERNAL,LTL_DATA_QUALITY,6,BILL_OF_LADING_SOURCE,TEXT,YES
PRODUCTION_LAKEHOUSE_US,LTL_ANALYTICS_INTERNAL,LTL_DATA_QUALITY,7,BILL_OF_LADING_SECONDARY,TEXT,YES
PRODUCTION_LAKEHOUSE_US,LTL_ANALYTICS_INTERNAL,LTL_DATA_QUALITY,8,BILL_OF_LADING_SECONDARY_SOURCE,TEXT,YES
PRODUCTION_LAKEHOUSE_US,LTL_ANALYTICS_INTERNAL,LTL_DATA_QUALITY,9,PRO,TEXT,YES
PRODUCTION_LAKEHOUSE_US,LTL_ANALYTICS_INTERNAL,LTL_DATA_QUALITY,10,PRO_SOURCE,TEXT,YES
PRODUCTION_LAKEHOUSE_US,LTL_ANALYTICS_INTERNAL,LTL_DATA_QUALITY,11,PRO_SECONDARY,TEXT,YES
PRODUCTION_LAKEHOUSE_US,LTL_ANALYTICS_INTERNAL,LTL_DATA_QUALITY,12,PRO_SECONDARY_SOURCE,TEXT,YES
PRODUCTION_LAKEHOUSE_US,LTL_ANALYTICS_INTERNAL,LTL_DATA_QUALITY,13,PURCHASE_ORDER,TEXT,YES
PRODUCTION_LAKEHOUSE_US,LTL_ANALYTICS_INTERNAL,LTL_DATA_QUALITY,14,PURCHASE_ORDER_SOURCE,TEXT,YES
PRODUCTION_LAKEHOUSE_US,LTL_ANALYTICS_INTERNAL,LTL_DATA_QUALITY,15,PURCHASE_ORDER_SECONDARY,TEXT,YES
PRODUCTION_LAKEHOUSE_US,LTL_ANALYTICS_INTERNAL,LTL_DATA_QUALITY,16,PURCHASE_ORDER_SECONDARY_SOURCE,TEXT,YES
PRODUCTION_LAKEHOUSE_US,LTL_ANALYTICS_INTERNAL,LTL_DATA_QUALITY,17,PICKUP,TEXT,YES
PRODUCTION_LAKEHOUSE_US,LTL_ANALYTICS_INTERNAL,LTL_DATA_QUALITY,18,CUSTOMER_REFERENCE,TEXT,YES
PRODUCTION_LAKEHOUSE_US,LTL_ANALYTICS_INTERNAL,LTL_DATA_QUALITY,19,TRACKING_NUMBER,TEXT,YES
PRODUCTION_LAKEHOUSE_US,LTL_ANALYTICS_INTERNAL,LTL_DATA_QUALITY,20,P44_SHIPMENT_ID,TEXT,YES
PRODUCTION_LAKEHOUSE_US,LTL_ANALYTICS_INTERNAL,LTL_DATA_QUALITY,21,MASTER_SHIPMENT_UUID,TEXT,YES
PRODUCTION_LAKEHOUSE_US,LTL_ANALYTICS_INTERNAL,LTL_DATA_QUALITY,22,CARRIER_NAME,TEXT,YES
PRODUCTION_LAKEHOUSE_US,LTL_ANALYTICS_INTERNAL,LTL_DATA_QUALITY,23,P44_CARRIER_ID,TEXT,YES
PRODUCTION_LAKEHOUSE_US,LTL_ANALYTICS_INTERNAL,LTL_DATA_QUALITY,24,VAT_NUMBER,TEXT,YES
PRODUCTION_LAKEHOUSE_US,LTL_ANALYTICS_INTERNAL,LTL_DATA_QUALITY,25,TRACKED,BOOLEAN,YES
PRODUCTION_LAKEHOUSE_US,LTL_ANALYTICS_INTERNAL,LTL_DATA_QUALITY,26,TRACKING_TYPE,TEXT,YES
PRODUCTION_LAKEHOUSE_US,LTL_ANALYTICS_INTERNAL,LTL_DATA_QUALITY,27,FINAL_STATUS_REASON,TEXT,YES
PRODUCTION_LAKEHOUSE_US,LTL_ANALYTICS_INTERNAL,LTL_DATA_QUALITY,28,DELETED_DATE_KEY,NUMBER,YES
PRODUCTION_LAKEHOUSE_US,LTL_ANALYTICS_INTERNAL,LTL_DATA_QUALITY,29,SHIPMENT_MODE,TEXT,YES
PRODUCTION_LAKEHOUSE_US,LTL_ANALYTICS_INTERNAL,LTL_DATA_QUALITY,30,PICKUP_CITY_STATE,TEXT,YES
PRODUCTION_LAKEHOUSE_US,LTL_ANALYTICS_INTERNAL,LTL_DATA_QUALITY,31,PICKUP_COUNTRY,TEXT,YES
PRODUCTION_LAKEHOUSE_US,LTL_ANALYTICS_INTERNAL,LTL_DATA_QUALITY,32,PICKUP_REGION,TEXT,YES
PRODUCTION_LAKEHOUSE_US,LTL_ANALYTICS_INTERNAL,LTL_DATA_QUALITY,33,PICKUP_SUBREGION,TEXT,YES
PRODUCTION_LAKEHOUSE_US,LTL_ANALYTICS_INTERNAL,LTL_DATA_QUALITY,34,PICKUP_NAME,TEXT,YES
PRODUCTION_LAKEHOUSE_US,LTL_ANALYTICS_INTERNAL,LTL_DATA_QUALITY,35,DROPOFF_CITY_STATE,TEXT,YES
PRODUCTION_LAKEHOUSE_US,LTL_ANALYTICS_INTERNAL,LTL_DATA_QUALITY,36,DESTINATION_COUNTRY,TEXT,YES
PRODUCTION_LAKEHOUSE_US,LTL_ANALYTICS_INTERNAL,LTL_DATA_QUALITY,37,DESTINATION_REGION,TEXT,YES
PRODUCTION_LAKEHOUSE_US,LTL_ANALYTICS_INTERNAL,LTL_DATA_QUALITY,38,DESTINATION_SUBREGION,TEXT,YES
PRODUCTION_LAKEHOUSE_US,LTL_ANALYTICS_INTERNAL,LTL_DATA_QUALITY,39,DESTINATION_NAME,TEXT,YES
PRODUCTION_LAKEHOUSE_US,LTL_ANALYTICS_INTERNAL,LTL_DATA_QUALITY,40,CREATED_UTC_DT,TIMESTAMP_NTZ,YES
PRODUCTION_LAKEHOUSE_US,LTL_ANALYTICS_INTERNAL,LTL_DATA_QUALITY,41,TRACKING_START_UTC_DT,TIMESTAMP_NTZ,YES
PRODUCTION_LAKEHOUSE_US,LTL_ANALYTICS_INTERNAL,LTL_DATA_QUALITY,42,TRACKING_END_UTC_DT,TIMESTAMP_NTZ,YES
PRODUCTION_LAKEHOUSE_US,LTL_ANALYTICS_INTERNAL,LTL_DATA_QUALITY,43,DELETED_DATE,DATE,YES
PRODUCTION_LAKEHOUSE_US,LTL_ANALYTICS_INTERNAL,LTL_DATA_QUALITY,44,TENANT_ID,TEXT,YES
PRODUCTION_LAKEHOUSE_US,LTL_ANALYTICS_INTERNAL,LTL_DATA_QUALITY,45,TENANT_SOURCE,TEXT,YES
PRODUCTION_LAKEHOUSE_US,LTL_ANALYTICS_INTERNAL,LTL_DATA_QUALITY,46,TENANT_KEY,NUMBER,YES
PRODUCTION_LAKEHOUSE_US,LTL_ANALYTICS_INTERNAL,LTL_DATA_QUALITY,47,CARRIER_KEY,NUMBER,YES
PRODUCTION_LAKEHOUSE_US,LTL_ANALYTICS_INTERNAL,LTL_DATA_QUALITY,48,SCAC,TEXT,YES
PRODUCTION_LAKEHOUSE_US,LTL_ANALYTICS_INTERNAL,LTL_DATA_QUALITY,49,CARRIER_DOT,TEXT,YES
PRODUCTION_LAKEHOUSE_US,LTL_ANALYTICS_INTERNAL,LTL_DATA_QUALITY,50,CARRIER_MC,TEXT,YES
PRODUCTION_LAKEHOUSE_US,LTL_ANALYTICS_INTERNAL,LTL_DATA_QUALITY,51,CARRIER_P44_EU,TEXT,YES
PRODUCTION_LAKEHOUSE_US,LTL_ANALYTICS_INTERNAL,LTL_DATA_QUALITY,52,HQ_ADDRESS,TEXT,YES
PRODUCTION_LAKEHOUSE_US,LTL_ANALYTICS_INTERNAL,LTL_DATA_QUALITY,53,HQ_CITY,TEXT,YES
PRODUCTION_LAKEHOUSE_US,LTL_ANALYTICS_INTERNAL,LTL_DATA_QUALITY,54,HQ_COUNTRY,TEXT,YES
PRODUCTION_LAKEHOUSE_US,LTL_ANALYTICS_INTERNAL,LTL_DATA_QUALITY,55,TRACKING_METHOD,TEXT,YES
PRODUCTION_LAKEHOUSE_US,LTL_ANALYTICS_INTERNAL,LTL_DATA_QUALITY,56,PICKUP_ARRIVAL_MILESTONE,TEXT,YES
PRODUCTION_LAKEHOUSE_US,LTL_ANALYTICS_INTERNAL,LTL_DATA_QUALITY,57,PICKUP_DEPARTURE_MILESTONE,TEXT,YES
PRODUCTION_LAKEHOUSE_US,LTL_ANALYTICS_INTERNAL,LTL_DATA_QUALITY,58,DROPOFF_ARRIVAL_MILESTONE,TEXT,YES
PRODUCTION_LAKEHOUSE_US,LTL_ANALYTICS_INTERNAL,LTL_DATA_QUALITY,59,DROPOFF_DEPARTURE_MILESTONE,TEXT,YES
PRODUCTION_LAKEHOUSE_US,LTL_ANALYTICS_INTERNAL,LTL_DATA_QUALITY,60,QUALITY,NUMBER,YES
PRODUCTION_LAKEHOUSE_US,LTL_ANALYTICS_INTERNAL,LTL_DATA_QUALITY,61,HAS_EQUIPMENT_ID,BOOLEAN,YES
PRODUCTION_LAKEHOUSE_US,LTL_ANALYTICS_INTERNAL,LTL_DATA_QUALITY,62,ATTR1_VALUE,TEXT,YES
PRODUCTION_LAKEHOUSE_US,LTL_ANALYTICS_INTERNAL,LTL_DATA_QUALITY,63,ATTR1_NAME,TEXT,YES
PRODUCTION_LAKEHOUSE_US,LTL_ANALYTICS_INTERNAL,LTL_DATA_QUALITY,64,ATTR2_VALUE,TEXT,YES
PRODUCTION_LAKEHOUSE_US,LTL_ANALYTICS_INTERNAL,LTL_DATA_QUALITY,65,ATTR2_NAME,TEXT,YES
PRODUCTION_LAKEHOUSE_US,LTL_ANALYTICS_INTERNAL,LTL_DATA_QUALITY,66,ATTR3_VALUE,TEXT,YES
PRODUCTION_LAKEHOUSE_US,LTL_ANALYTICS_INTERNAL,LTL_DATA_QUALITY,67,ATTR3_NAME,TEXT,YES
PRODUCTION_LAKEHOUSE_US,LTL_ANALYTICS_INTERNAL,LTL_DATA_QUALITY,68,ATTR4_VALUE,TEXT,YES
PRODUCTION_LAKEHOUSE_US,LTL_ANALYTICS_INTERNAL,LTL_DATA_QUALITY,69,ATTR4_NAME,TEXT,YES
PRODUCTION_LAKEHOUSE_US,LTL_ANALYTICS_INTERNAL,LTL_DATA_QUALITY,70,ATTR5_VALUE,TEXT,YES
PRODUCTION_LAKEHOUSE_US,LTL_ANALYTICS_INTERNAL,LTL_DATA_QUALITY,71,ATTR5_NAME,TEXT,YES
PRODUCTION_LAKEHOUSE_US,LTL_ANALYTICS_INTERNAL,LTL_DATA_QUALITY,72,ATTR6_VALUE,TEXT,YES
PRODUCTION_LAKEHOUSE_US,LTL_ANALYTICS_INTERNAL,LTL_DATA_QUALITY,73,ATTR6_NAME,TEXT,YES
PRODUCTION_LAKEHOUSE_US,LTL_ANALYTICS_INTERNAL,LTL_DATA_QUALITY,74,ATTR7_VALUE,TEXT,YES
PRODUCTION_LAKEHOUSE_US,LTL_ANALYTICS_INTERNAL,LTL_DATA_QUALITY,75,ATTR7_NAME,TEXT,YES
PRODUCTION_LAKEHOUSE_US,LTL_ANALYTICS_INTERNAL,LTL_DATA_QUALITY,76,ATTR8_VALUE,TEXT,YES
PRODUCTION_LAKEHOUSE_US,LTL_ANALYTICS_INTERNAL,LTL_DATA_QUALITY,77,ATTR8_NAME,TEXT,YES
PRODUCTION_LAKEHOUSE_US,LTL_ANALYTICS_INTERNAL,LTL_DATA_QUALITY,78,ATTR9_VALUE,TEXT,YES
PRODUCTION_LAKEHOUSE_US,LTL_ANALYTICS_INTERNAL,LTL_DATA_QUALITY,79,ATTR9_NAME,TEXT,YES
PRODUCTION_LAKEHOUSE_US,LTL_ANALYTICS_INTERNAL,LTL_DATA_QUALITY,80,ATTR10_VALUE,TEXT,YES
PRODUCTION_LAKEHOUSE_US,LTL_ANALYTICS_INTERNAL,LTL_DATA_QUALITY,81,ATTR10_NAME,TEXT,YES
PRODUCTION_LAKEHOUSE_US,LTL_ANALYTICS_INTERNAL,LTL_DATA_QUALITY,82,SHIPMENT_ATTRIBUTES,ARRAY,YES
PRODUCTION_LAKEHOUSE_US,LTL_ANALYTICS_INTERNAL,LTL_DATA_QUALITY,83,ENV,TEXT,YES
PRODUCTION_LAKEHOUSE_US,LTL_ANALYTICS_INTERNAL,LTL_DATA_QUALITY,84,TRACKING_METHOD_RCA,TEXT,YES
PRODUCTION_LAKEHOUSE_US,LTL_ANALYTICS_INTERNAL,LTL_DATA_QUALITY,85,TRACKING_TYPE_RCA,TEXT,YES
PRODUCTION_LAKEHOUSE_US,LTL_ANALYTICS_INTERNAL,LTL_DATA_QUALITY,86,LTL_TQ_TRACKING_PERCENTAGE,NUMBER,YES
PRODUCTION_LAKEHOUSE_US,LTL_ANALYTICS_INTERNAL,LTL_DATA_QUALITY,87,LTL_TQ_STATUS_UPDATE_DELAY,NUMBER,YES
PRODUCTION_LAKEHOUSE_US,LTL_ANALYTICS_INTERNAL,LTL_DATA_QUALITY,88,TOTAL_STOPS,NUMBER,YES
PRODUCTION_LAKEHOUSE_US,LTL_ANALYTICS_INTERNAL,LTL_DATA_QUALITY,89,PICKUP_ARRIVAL_STATUS_30_MIN,TEXT,YES
PRODUCTION_LAKEHOUSE_US,LTL_ANALYTICS_INTERNAL,LTL_DATA_QUALITY,90,VENDOR_ACCOUNT_GROUP_CODE,TEXT,YES
PRODUCTION_LAKEHOUSE_US,LTL_ANALYTICS_INTERNAL,LTL_DATA_QUALITY,91,VENDOR_IDENTIFIER,TEXT,YES
PRODUCTION_LAKEHOUSE_US,LTL_ANALYTICS_INTERNAL,LTL_DATA_QUALITY,92,VENDOR_ACCOUNT_SET_CODE,TEXT,YES
PRODUCTION_LAKEHOUSE_US,LTL_ANALYTICS_INTERNAL,LTL_DATA_QUALITY,93,MASTER_CARRIER_ID,TEXT,YES
PRODUCTION_LAKEHOUSE_US,LTL_ANALYTICS_INTERNAL,LTL_DATA_QUALITY,94,MILESTONES_EXPECTED,NUMBER,YES
PRODUCTION_LAKEHOUSE_US,LTL_ANALYTICS_INTERNAL,LTL_DATA_QUALITY,95,SHIPMENT_ID,NUMBER,YES
PRODUCTION_LAKEHOUSE_US,LTL_ANALYTICS_INTERNAL,LTL_DATA_QUALITY,96,PICKUP_UTC_TIMESTAMP,TIMESTAMP_NTZ,YES
PRODUCTION_LAKEHOUSE_US,LTL_ANALYTICS_INTERNAL,LTL_DATA_QUALITY,97,OUT_FOR_DELIVERY_UTC_TIMESTAMP,TIMESTAMP_NTZ,YES
PRODUCTION_LAKEHOUSE_US,LTL_ANALYTICS_INTERNAL,LTL_DATA_QUALITY,98,DELIVERED_UTC_TIMESTAMP,TIMESTAMP_NTZ,YES
PRODUCTION_LAKEHOUSE_US,LTL_ANALYTICS_INTERNAL,LTL_DATA_QUALITY,99,PICKUP_UTC_RETRIEVAL_DATE_TIME,TIMESTAMP_NTZ,YES
PRODUCTION_LAKEHOUSE_US,LTL_ANALYTICS_INTERNAL,LTL_DATA_QUALITY,100,OUT_FOR_DELIVERY_UTC_RETRIEVAL_DATE_TIME,TIMESTAMP_NTZ,YES
PRODUCTION_LAKEHOUSE_US,LTL_ANALYTICS_INTERNAL,LTL_DATA_QUALITY,101,DELIVERED_UTC_RETRIEVAL_DATE_TIME,TIMESTAMP_NTZ,YES
PRODUCTION_LAKEHOUSE_US,LTL_ANALYTICS_INTERNAL,LTL_DATA_QUALITY,102,PICKUP_LATENCY_IN_HOUR,NUMBER,YES
PRODUCTION_LAKEHOUSE_US,LTL_ANALYTICS_INTERNAL,LTL_DATA_QUALITY,103,OUT_FOR_DELIVERY_LATENCY_IN_HOUR,NUMBER,YES
PRODUCTION_LAKEHOUSE_US,LTL_ANALYTICS_INTERNAL,LTL_DATA_QUALITY,104,DELIVERED_LATENCY_IN_HOUR,NUMBER,YES
PRODUCTION_LAKEHOUSE_US,LTL_ANALYTICS_INTERNAL,LTL_DATA_QUALITY,105,PICKUP_UTC_APPOINTMENT_START_DATE_TIME,TIMESTAMP_NTZ,YES
PRODUCTION_LAKEHOUSE_US,LTL_ANALYTICS_INTERNAL,LTL_DATA_QUALITY,106,PICKUP_UTC_APPOINTMENT_END_DATE_TIME,TIMESTAMP_NTZ,YES
PRODUCTION_LAKEHOUSE_US,LTL_ANALYTICS_INTERNAL,LTL_DATA_QUALITY,107,PICKUP_ARRIVAL_STATUS,TEXT,YES
PRODUCTION_LAKEHOUSE_US,LTL_ANALYTICS_INTERNAL,LTL_DATA_QUALITY,108,DELIVERED_UTC_APPOINTMENT_START_DATE_TIME,TIMESTAMP_NTZ,YES
PRODUCTION_LAKEHOUSE_US,LTL_ANALYTICS_INTERNAL,LTL_DATA_QUALITY,109,DELIVERED_UTC_APPOINTMENT_END_DATE_TIME,TIMESTAMP_NTZ,YES
PRODUCTION_LAKEHOUSE_US,LTL_ANALYTICS_INTERNAL,LTL_DATA_QUALITY,110,DELIVERED_ARRIVAL_STATUS,TEXT,YES
PRODUCTION_LAKEHOUSE_US,LTL_ANALYTICS_INTERNAL,LTL_DATA_QUALITY,111,MILESTONES_CAPTURED,NUMBER,YES
PRODUCTION_LAKEHOUSE_US,LTL_ANALYTICS_INTERNAL,LTL_DATA_QUALITY,112,LATENCY_UPDATES_RECEIVED,NUMBER,YES
PRODUCTION_LAKEHOUSE_US,LTL_ANALYTICS_INTERNAL,LTL_DATA_QUALITY,113,LATENCY_UPDATES_PASSED,NUMBER,YES
PRODUCTION_LAKEHOUSE_US,LTL_ANALYTICS_INTERNAL,LTL_DATA_QUALITY,114,LATENCY_SUM,NUMBER,YES
PRODUCTION_LAKEHOUSE_US,LTL_ANALYTICS_INTERNAL,LTL_DATA_QUALITY,115,LATENCY_IN_HOUR,NUMBER,YES
PRODUCTION_LAKEHOUSE_US,LTL_ANALYTICS_INTERNAL,LTL_DATA_QUALITY,116,LATENCY_0_2HR,NUMBER,YES
PRODUCTION_LAKEHOUSE_US,LTL_ANALYTICS_INTERNAL,LTL_DATA_QUALITY,117,LATENCY_2_4HR,NUMBER,YES
PRODUCTION_LAKEHOUSE_US,LTL_ANALYTICS_INTERNAL,LTL_DATA_QUALITY,118,LATENCY_4_6HR,NUMBER,YES
PRODUCTION_LAKEHOUSE_US,LTL_ANALYTICS_INTERNAL,LTL_DATA_QUALITY,119,LATENCY_6_8HR,NUMBER,YES
PRODUCTION_LAKEHOUSE_US,LTL_ANALYTICS_INTERNAL,LTL_DATA_QUALITY,120,LATENCY_8_10HR,NUMBER,YES
PRODUCTION_LAKEHOUSE_US,LTL_ANALYTICS_INTERNAL,LTL_DATA_QUALITY,121,LATENCY_10HR,NUMBER,YES
PRODUCTION_LAKEHOUSE_US,LTL_ANALYTICS_INTERNAL,LTL_DATA_QUALITY,122,COMPLETED_UTC_DT,TIMESTAMP_NTZ,YES
PRODUCTION_LAKEHOUSE_US,LTL_ANALYTICS_INTERNAL,LTL_DATA_QUALITY_MILESTONE,1,SHIPMENT_ID,NUMBER,YES
PRODUCTION_LAKEHOUSE_US,LTL_ANALYTICS_INTERNAL,LTL_DATA_QUALITY_MILESTONE,2,DATA_SOURCE,TEXT,YES
PRODUCTION_LAKEHOUSE_US,LTL_ANALYTICS_INTERNAL,LTL_DATA_QUALITY_MILESTONE,3,MILESTONE_SOURCE,TEXT,YES
PRODUCTION_LAKEHOUSE_US,LTL_ANALYTICS_INTERNAL,LTL_DATA_QUALITY_MILESTONE,4,MILESTONE,TEXT,YES
PRODUCTION_LAKEHOUSE_US,LTL_ANALYTICS_INTERNAL,LTL_DATA_QUALITY_MILESTONE,5,UTC_TIMESTAMP,TIMESTAMP_NTZ,YES
PRODUCTION_LAKEHOUSE_US,LTL_ANALYTICS_INTERNAL,LTL_DATA_QUALITY_MILESTONE,6,UTC_RETRIEVAL_DATE_TIME,TIMESTAMP_NTZ,YES
PRODUCTION_LAKEHOUSE_US,LTL_ANALYTICS_INTERNAL,LTL_DATA_QUALITY_MILESTONE,7,LATENCY_IN_HOUR,NUMBER,YES
PRODUCTION_LAKEHOUSE_US,LTL_ANALYTICS_INTERNAL,LTL_DATA_QUALITY_MILESTONE,8,IS_MISSING_TIME,BOOLEAN,YES
PRODUCTION_LAKEHOUSE_US,LTL_ANALYTICS_INTERNAL,LTL_DATA_QUALITY_MILESTONE,9,IS_MISSING_TIMEZONE,BOOLEAN,YES
PRODUCTION_LAKEHOUSE_US,LTL_ANALYTICS_INTERNAL,LTL_DATA_QUALITY_MILESTONE,10,LATENCY_BIN,TEXT,YES
PRODUCTION_LAKEHOUSE_US,LTL_ANALYTICS_INTERNAL,LTL_DATA_QUALITY_MILESTONE,11,TENANT_UUID,TEXT,YES
PRODUCTION_LAKEHOUSE_US,LTL_ANALYTICS_INTERNAL,LTL_DATA_QUALITY_MILESTONE,12,TENANT_TYPE,TEXT,YES
PRODUCTION_LAKEHOUSE_US,LTL_ANALYTICS_INTERNAL,LTL_DATA_QUALITY_MILESTONE,13,TENANT_NAME,TEXT,YES
PRODUCTION_LAKEHOUSE_US,LTL_ANALYTICS_INTERNAL,LTL_DATA_QUALITY_MILESTONE,14,ORDER_NUMBER,TEXT,YES
PRODUCTION_LAKEHOUSE_US,LTL_ANALYTICS_INTERNAL,LTL_DATA_QUALITY_MILESTONE,15,BILL_OF_LADING,TEXT,YES
PRODUCTION_LAKEHOUSE_US,LTL_ANALYTICS_INTERNAL,LTL_DATA_QUALITY_MILESTONE,16,BILL_OF_LADING_SOURCE,TEXT,YES
PRODUCTION_LAKEHOUSE_US,LTL_ANALYTICS_INTERNAL,LTL_DATA_QUALITY_MILESTONE,17,BILL_OF_LADING_SECONDARY,TEXT,YES
PRODUCTION_LAKEHOUSE_US,LTL_ANALYTICS_INTERNAL,LTL_DATA_QUALITY_MILESTONE,18,BILL_OF_LADING_SECONDARY_SOURCE,TEXT,YES
PRODUCTION_LAKEHOUSE_US,LTL_ANALYTICS_INTERNAL,LTL_DATA_QUALITY_MILESTONE,19,PRO,TEXT,YES
PRODUCTION_LAKEHOUSE_US,LTL_ANALYTICS_INTERNAL,LTL_DATA_QUALITY_MILESTONE,20,PRO_SOURCE,TEXT,YES
PRODUCTION_LAKEHOUSE_US,LTL_ANALYTICS_INTERNAL,LTL_DATA_QUALITY_MILESTONE,21,PRO_SECONDARY,TEXT,YES
PRODUCTION_LAKEHOUSE_US,LTL_ANALYTICS_INTERNAL,LTL_DATA_QUALITY_MILESTONE,22,PRO_SECONDARY_SOURCE,TEXT,YES
PRODUCTION_LAKEHOUSE_US,LTL_ANALYTICS_INTERNAL,LTL_DATA_QUALITY_MILESTONE,23,PURCHASE_ORDER,TEXT,YES
PRODUCTION_LAKEHOUSE_US,LTL_ANALYTICS_INTERNAL,LTL_DATA_QUALITY_MILESTONE,24,PURCHASE_ORDER_SOURCE,TEXT,YES
PRODUCTION_LAKEHOUSE_US,LTL_ANALYTICS_INTERNAL,LTL_DATA_QUALITY_MILESTONE,25,PURCHASE_ORDER_SECONDARY,TEXT,YES
PRODUCTION_LAKEHOUSE_US,LTL_ANALYTICS_INTERNAL,LTL_DATA_QUALITY_MILESTONE,26,PURCHASE_ORDER_SECONDARY_SOURCE,TEXT,YES
PRODUCTION_LAKEHOUSE_US,LTL_ANALYTICS_INTERNAL,LTL_DATA_QUALITY_MILESTONE,27,PICKUP,TEXT,YES
PRODUCTION_LAKEHOUSE_US,LTL_ANALYTICS_INTERNAL,LTL_DATA_QUALITY_MILESTONE,28,CUSTOMER_REFERENCE,TEXT,YES
PRODUCTION_LAKEHOUSE_US,LTL_ANALYTICS_INTERNAL,LTL_DATA_QUALITY_MILESTONE,29,TRACKING_NUMBER,TEXT,YES
PRODUCTION_LAKEHOUSE_US,LTL_ANALYTICS_INTERNAL,LTL_DATA_QUALITY_MILESTONE,30,P44_SHIPMENT_ID,TEXT,YES
PRODUCTION_LAKEHOUSE_US,LTL_ANALYTICS_INTERNAL,LTL_DATA_QUALITY_MILESTONE,31,MASTER_SHIPMENT_UUID,TEXT,YES
PRODUCTION_LAKEHOUSE_US,LTL_ANALYTICS_INTERNAL,LTL_DATA_QUALITY_MILESTONE,32,CARRIER_NAME,TEXT,YES
PRODUCTION_LAKEHOUSE_US,LTL_ANALYTICS_INTERNAL,LTL_DATA_QUALITY_MILESTONE,33,P44_CARRIER_ID,TEXT,YES
PRODUCTION_LAKEHOUSE_US,LTL_ANALYTICS_INTERNAL,LTL_DATA_QUALITY_MILESTONE,34,VAT_NUMBER,TEXT,YES
PRODUCTION_LAKEHOUSE_US,LTL_ANALYTICS_INTERNAL,LTL_DATA_QUALITY_MILESTONE,35,TRACKED,BOOLEAN,YES
PRODUCTION_LAKEHOUSE_US,LTL_ANALYTICS_INTERNAL,LTL_DATA_QUALITY_MILESTONE,36,TRACKING_TYPE,TEXT,YES
PRODUCTION_LAKEHOUSE_US,LTL_ANALYTICS_INTERNAL,LTL_DATA_QUALITY_MILESTONE,37,FINAL_STATUS_REASON,TEXT,YES
PRODUCTION_LAKEHOUSE_US,LTL_ANALYTICS_INTERNAL,LTL_DATA_QUALITY_MILESTONE,38,DELETED_DATE_KEY,NUMBER,YES
PRODUCTION_LAKEHOUSE_US,LTL_ANALYTICS_INTERNAL,LTL_DATA_QUALITY_MILESTONE,39,SHIPMENT_MODE,TEXT,YES
PRODUCTION_LAKEHOUSE_US,LTL_ANALYTICS_INTERNAL,LTL_DATA_QUALITY_MILESTONE,40,PICKUP_CITY_STATE,TEXT,YES
PRODUCTION_LAKEHOUSE_US,LTL_ANALYTICS_INTERNAL,LTL_DATA_QUALITY_MILESTONE,41,PICKUP_COUNTRY,TEXT,YES
PRODUCTION_LAKEHOUSE_US,LTL_ANALYTICS_INTERNAL,LTL_DATA_QUALITY_MILESTONE,42,PICKUP_REGION,TEXT,YES
PRODUCTION_LAKEHOUSE_US,LTL_ANALYTICS_INTERNAL,LTL_DATA_QUALITY_MILESTONE,43,PICKUP_SUBREGION,TEXT,YES
PRODUCTION_LAKEHOUSE_US,LTL_ANALYTICS_INTERNAL,LTL_DATA_QUALITY_MILESTONE,44,PICKUP_NAME,TEXT,YES
PRODUCTION_LAKEHOUSE_US,LTL_ANALYTICS_INTERNAL,LTL_DATA_QUALITY_MILESTONE,45,DROPOFF_CITY_STATE,TEXT,YES
PRODUCTION_LAKEHOUSE_US,LTL_ANALYTICS_INTERNAL,LTL_DATA_QUALITY_MILESTONE,46,DESTINATION_COUNTRY,TEXT,YES
PRODUCTION_LAKEHOUSE_US,LTL_ANALYTICS_INTERNAL,LTL_DATA_QUALITY_MILESTONE,47,DESTINATION_REGION,TEXT,YES
PRODUCTION_LAKEHOUSE_US,LTL_ANALYTICS_INTERNAL,LTL_DATA_QUALITY_MILESTONE,48,DESTINATION_SUBREGION,TEXT,YES
PRODUCTION_LAKEHOUSE_US,LTL_ANALYTICS_INTERNAL,LTL_DATA_QUALITY_MILESTONE,49,DESTINATION_NAME,TEXT,YES
PRODUCTION_LAKEHOUSE_US,LTL_ANALYTICS_INTERNAL,LTL_DATA_QUALITY_MILESTONE,50,CREATED_UTC_DT,TIMESTAMP_NTZ,YES
PRODUCTION_LAKEHOUSE_US,LTL_ANALYTICS_INTERNAL,LTL_DATA_QUALITY_MILESTONE,51,TRACKING_START_UTC_DT,TIMESTAMP_NTZ,YES
PRODUCTION_LAKEHOUSE_US,LTL_ANALYTICS_INTERNAL,LTL_DATA_QUALITY_MILESTONE,52,TRACKING_END_UTC_DT,TIMESTAMP_NTZ,YES
PRODUCTION_LAKEHOUSE_US,LTL_ANALYTICS_INTERNAL,LTL_DATA_QUALITY_MILESTONE,53,DELETED_DATE,DATE,YES
PRODUCTION_LAKEHOUSE_US,LTL_ANALYTICS_INTERNAL,LTL_DATA_QUALITY_MILESTONE,54,TENANT_ID,TEXT,YES
PRODUCTION_LAKEHOUSE_US,LTL_ANALYTICS_INTERNAL,LTL_DATA_QUALITY_MILESTONE,55,TENANT_SOURCE,TEXT,YES
PRODUCTION_LAKEHOUSE_US,LTL_ANALYTICS_INTERNAL,LTL_DATA_QUALITY_MILESTONE,56,TENANT_KEY,NUMBER,YES
PRODUCTION_LAKEHOUSE_US,LTL_ANALYTICS_INTERNAL,LTL_DATA_QUALITY_MILESTONE,57,CARRIER_KEY,NUMBER,YES
PRODUCTION_LAKEHOUSE_US,LTL_ANALYTICS_INTERNAL,LTL_DATA_QUALITY_MILESTONE,58,SCAC,TEXT,YES
PRODUCTION_LAKEHOUSE_US,LTL_ANALYTICS_INTERNAL,LTL_DATA_QUALITY_MILESTONE,59,CARRIER_DOT,TEXT,YES
PRODUCTION_LAKEHOUSE_US,LTL_ANALYTICS_INTERNAL,LTL_DATA_QUALITY_MILESTONE,60,CARRIER_MC,TEXT,YES
PRODUCTION_LAKEHOUSE_US,LTL_ANALYTICS_INTERNAL,LTL_DATA_QUALITY_MILESTONE,61,CARRIER_P44_EU,TEXT,YES
PRODUCTION_LAKEHOUSE_US,LTL_ANALYTICS_INTERNAL,LTL_DATA_QUALITY_MILESTONE,62,HQ_ADDRESS,TEXT,YES
PRODUCTION_LAKEHOUSE_US,LTL_ANALYTICS_INTERNAL,LTL_DATA_QUALITY_MILESTONE,63,HQ_CITY,TEXT,YES
PRODUCTION_LAKEHOUSE_US,LTL_ANALYTICS_INTERNAL,LTL_DATA_QUALITY_MILESTONE,64,HQ_COUNTRY,TEXT,YES
PRODUCTION_LAKEHOUSE_US,LTL_ANALYTICS_INTERNAL,LTL_DATA_QUALITY_MILESTONE,65,TRACKING_METHOD,TEXT,YES
PRODUCTION_LAKEHOUSE_US,LTL_ANALYTICS_INTERNAL,LTL_DATA_QUALITY_MILESTONE,66,PICKUP_ARRIVAL_MILESTONE,TEXT,YES
PRODUCTION_LAKEHOUSE_US,LTL_ANALYTICS_INTERNAL,LTL_DATA_QUALITY_MILESTONE,67,PICKUP_DEPARTURE_MILESTONE,TEXT,YES
PRODUCTION_LAKEHOUSE_US,LTL_ANALYTICS_INTERNAL,LTL_DATA_QUALITY_MILESTONE,68,DROPOFF_ARRIVAL_MILESTONE,TEXT,YES
PRODUCTION_LAKEHOUSE_US,LTL_ANALYTICS_INTERNAL,LTL_DATA_QUALITY_MILESTONE,69,DROPOFF_DEPARTURE_MILESTONE,TEXT,YES
PRODUCTION_LAKEHOUSE_US,LTL_ANALYTICS_INTERNAL,LTL_DATA_QUALITY_MILESTONE,70,QUALITY,NUMBER,YES
PRODUCTION_LAKEHOUSE_US,LTL_ANALYTICS_INTERNAL,LTL_DATA_QUALITY_MILESTONE,71,HAS_EQUIPMENT_ID,BOOLEAN,YES
PRODUCTION_LAKEHOUSE_US,LTL_ANALYTICS_INTERNAL,LTL_DATA_QUALITY_MILESTONE,72,ATTR1_VALUE,TEXT,YES
PRODUCTION_LAKEHOUSE_US,LTL_ANALYTICS_INTERNAL,LTL_DATA_QUALITY_MILESTONE,73,ATTR1_NAME,TEXT,YES
PRODUCTION_LAKEHOUSE_US,LTL_ANALYTICS_INTERNAL,LTL_DATA_QUALITY_MILESTONE,74,ATTR2_VALUE,TEXT,YES
PRODUCTION_LAKEHOUSE_US,LTL_ANALYTICS_INTERNAL,LTL_DATA_QUALITY_MILESTONE,75,ATTR2_NAME,TEXT,YES
PRODUCTION_LAKEHOUSE_US,LTL_ANALYTICS_INTERNAL,LTL_DATA_QUALITY_MILESTONE,76,ATTR3_VALUE,TEXT,YES
PRODUCTION_LAKEHOUSE_US,LTL_ANALYTICS_INTERNAL,LTL_DATA_QUALITY_MILESTONE,77,ATTR3_NAME,TEXT,YES
PRODUCTION_LAKEHOUSE_US,LTL_ANALYTICS_INTERNAL,LTL_DATA_QUALITY_MILESTONE,78,ATTR4_VALUE,TEXT,YES
PRODUCTION_LAKEHOUSE_US,LTL_ANALYTICS_INTERNAL,LTL_DATA_QUALITY_MILESTONE,79,ATTR4_NAME,TEXT,YES
PRODUCTION_LAKEHOUSE_US,LTL_ANALYTICS_INTERNAL,LTL_DATA_QUALITY_MILESTONE,80,ATTR5_VALUE,TEXT,YES
PRODUCTION_LAKEHOUSE_US,LTL_ANALYTICS_INTERNAL,LTL_DATA_QUALITY_MILESTONE,81,ATTR5_NAME,TEXT,YES
PRODUCTION_LAKEHOUSE_US,LTL_ANALYTICS_INTERNAL,LTL_DATA_QUALITY_MILESTONE,82,ATTR6_VALUE,TEXT,YES
PRODUCTION_LAKEHOUSE_US,LTL_ANALYTICS_INTERNAL,LTL_DATA_QUALITY_MILESTONE,83,ATTR6_NAME,TEXT,YES
PRODUCTION_LAKEHOUSE_US,LTL_ANALYTICS_INTERNAL,LTL_DATA_QUALITY_MILESTONE,84,ATTR7_VALUE,TEXT,YES
PRODUCTION_LAKEHOUSE_US,LTL_ANALYTICS_INTERNAL,LTL_DATA_QUALITY_MILESTONE,85,ATTR7_NAME,TEXT,YES
PRODUCTION_LAKEHOUSE_US,LTL_ANALYTICS_INTERNAL,LTL_DATA_QUALITY_MILESTONE,86,ATTR8_VALUE,TEXT,YES
PRODUCTION_LAKEHOUSE_US,LTL_ANALYTICS_INTERNAL,LTL_DATA_QUALITY_MILESTONE,87,ATTR8_NAME,TEXT,YES
PRODUCTION_LAKEHOUSE_US,LTL_ANALYTICS_INTERNAL,LTL_DATA_QUALITY_MILESTONE,88,ATTR9_VALUE,TEXT,YES
PRODUCTION_LAKEHOUSE_US,LTL_ANALYTICS_INTERNAL,LTL_DATA_QUALITY_MILESTONE,89,ATTR9_NAME,TEXT,YES
PRODUCTION_LAKEHOUSE_US,LTL_ANALYTICS_INTERNAL,LTL_DATA_QUALITY_MILESTONE,90,ATTR10_VALUE,TEXT,YES
PRODUCTION_LAKEHOUSE_US,LTL_ANALYTICS_INTERNAL,LTL_DATA_QUALITY_MILESTONE,91,ATTR10_NAME,TEXT,YES
PRODUCTION_LAKEHOUSE_US,LTL_ANALYTICS_INTERNAL,LTL_DATA_QUALITY_MILESTONE,92,SHIPMENT_ATTRIBUTES,ARRAY,YES
PRODUCTION_LAKEHOUSE_US,LTL_ANALYTICS_INTERNAL,LTL_DATA_QUALITY_MILESTONE,93,ENV,TEXT,YES
PRODUCTION_LAKEHOUSE_US,LTL_ANALYTICS_INTERNAL,LTL_DATA_QUALITY_MILESTONE,94,TRACKING_METHOD_RCA,TEXT,YES
PRODUCTION_LAKEHOUSE_US,LTL_ANALYTICS_INTERNAL,LTL_DATA_QUALITY_MILESTONE,95,TRACKING_TYPE_RCA,TEXT,YES
PRODUCTION_LAKEHOUSE_US,LTL_ANALYTICS_INTERNAL,LTL_DATA_QUALITY_MILESTONE,96,LTL_TQ_TRACKING_PERCENTAGE,NUMBER,YES
PRODUCTION_LAKEHOUSE_US,LTL_ANALYTICS_INTERNAL,LTL_DATA_QUALITY_MILESTONE,97,LTL_TQ_STATUS_UPDATE_DELAY,NUMBER,YES
PRODUCTION_LAKEHOUSE_US,LTL_ANALYTICS_INTERNAL,LTL_DATA_QUALITY_MILESTONE,98,TOTAL_STOPS,NUMBER,YES
PRODUCTION_LAKEHOUSE_US,LTL_ANALYTICS_INTERNAL,LTL_DATA_QUALITY_MILESTONE,99,PICKUP_ARRIVAL_STATUS_30_MIN,TEXT,YES
PRODUCTION_LAKEHOUSE_US,LTL_ANALYTICS_INTERNAL,LTL_DATA_QUALITY_MILESTONE,100,VENDOR_ACCOUNT_GROUP_CODE,TEXT,YES
PRODUCTION_LAKEHOUSE_US,LTL_ANALYTICS_INTERNAL,LTL_DATA_QUALITY_MILESTONE,101,VENDOR_IDENTIFIER,TEXT,YES
PRODUCTION_LAKEHOUSE_US,LTL_ANALYTICS_INTERNAL,LTL_DATA_QUALITY_MILESTONE,102,VENDOR_ACCOUNT_SET_CODE,TEXT,YES
PRODUCTION_LAKEHOUSE_US,LTL_ANALYTICS_INTERNAL,LTL_DATA_QUALITY_MILESTONE,103,MASTER_CARRIER_ID,TEXT,YES
PRODUCTION_LAKEHOUSE_US,OCEAN_ANALYTICS,OCEAN_CONTAINERS_UNIFIED,1,SHIPMENT_ID,TEXT,YES
PRODUCTION_LAKEHOUSE_US,OCEAN_ANALYTICS,OCEAN_CONTAINERS_UNIFIED,2,TENANT_ID,NUMBER,YES
PRODUCTION_LAKEHOUSE_US,OCEAN_ANALYTICS,OCEAN_CONTAINERS_UNIFIED,3,INTERNAL_SHIPMENT_ID,TEXT,YES
PRODUCTION_LAKEHOUSE_US,OCEAN_ANALYTICS,OCEAN_CONTAINERS_UNIFIED,4,SUBSCRIPTION_ID,TEXT,YES
PRODUCTION_LAKEHOUSE_US,OCEAN_ANALYTICS,OCEAN_CONTAINERS_UNIFIED,5,INTERNAL_SUBSCRIPTION_ID,TEXT,YES
PRODUCTION_LAKEHOUSE_US,OCEAN_ANALYTICS,OCEAN_CONTAINERS_UNIFIED,6,SHIPMENT_CREATED_DATE,TIMESTAMP_NTZ,YES
PRODUCTION_LAKEHOUSE_US,OCEAN_ANALYTICS,OCEAN_CONTAINERS_UNIFIED,7,SHIPMENT_MODIFIED_DATE,TIMESTAMP_NTZ,YES
PRODUCTION_LAKEHOUSE_US,OCEAN_ANALYTICS,OCEAN_CONTAINERS_UNIFIED,8,SHIPMENT_DELETED_DATE,TIMESTAMP_NTZ,YES
PRODUCTION_LAKEHOUSE_US,OCEAN_ANALYTICS,OCEAN_CONTAINERS_UNIFIED,9,SUBSCRIPTION_CREATED_DT,TIMESTAMP_NTZ,YES
PRODUCTION_LAKEHOUSE_US,OCEAN_ANALYTICS,OCEAN_CONTAINERS_UNIFIED,10,SUBSCRIPTION_MODIFIED_DT,TIMESTAMP_NTZ,YES
PRODUCTION_LAKEHOUSE_US,OCEAN_ANALYTICS,OCEAN_CONTAINERS_UNIFIED,11,SUBSCRIPTION_DELETED_DT,TIMESTAMP_NTZ,YES
PRODUCTION_LAKEHOUSE_US,OCEAN_ANALYTICS,OCEAN_CONTAINERS_UNIFIED,12,SHIPMENT_TAGS,VARIANT,YES
PRODUCTION_LAKEHOUSE_US,OCEAN_ANALYTICS,OCEAN_CONTAINERS_UNIFIED,13,SUBSCRIPTION_TAGS,VARIANT,YES
PRODUCTION_LAKEHOUSE_US,OCEAN_ANALYTICS,OCEAN_SHIPMENT_ATTRIBUTES,1,INTERNAL_SHIPMENT_ID,TEXT,YES
PRODUCTION_LAKEHOUSE_US,OCEAN_ANALYTICS,OCEAN_SHIPMENT_ATTRIBUTES,2,SHIPMENT_ID,TEXT,YES
PRODUCTION_LAKEHOUSE_US,OCEAN_ANALYTICS,OCEAN_SHIPMENT_ATTRIBUTES,3,TENANT_ID,TEXT,YES
PRODUCTION_LAKEHOUSE_US,OCEAN_ANALYTICS,OCEAN_SHIPMENT_ATTRIBUTES,4,ATTR_NAME,TEXT,YES
PRODUCTION_LAKEHOUSE_US,OCEAN_ANALYTICS,OCEAN_SHIPMENT_ATTRIBUTES,5,ATTR_VALUE,TEXT,YES
PRODUCTION_LAKEHOUSE_US,OCEAN_ANALYTICS,OCEAN_SHIPMENT_ATTRIBUTES,6,ALL_SOURCES,ARRAY,YES
PRODUCTION_LAKEHOUSE_US,OCEAN_ANALYTICS,OCEAN_SHIPMENT_ATTRIBUTES,7,REGION,TEXT,YES
PRODUCTION_LAKEHOUSE_US,TL_ANALYTICS,TL_ANALYTICS_RCA,1,SHIPMENT_ID,TEXT,YES
PRODUCTION_LAKEHOUSE_US,TL_ANALYTICS,TL_ANALYTICS_RCA,2,SHIPMENT_LEG_ID,TEXT,YES
PRODUCTION_LAKEHOUSE_US,TL_ANALYTICS,TL_ANALYTICS_RCA,3,TENANT_ID,TEXT,YES
PRODUCTION_LAKEHOUSE_US,TL_ANALYTICS,TL_ANALYTICS_RCA,4,TENANT_UUID,TEXT,YES
PRODUCTION_LAKEHOUSE_US,TL_ANALYTICS,TL_ANALYTICS_RCA,5,TENANT_NAME,TEXT,YES
PRODUCTION_LAKEHOUSE_US,TL_ANALYTICS,TL_ANALYTICS_RCA,6,CARRIER_ID,TEXT,YES
PRODUCTION_LAKEHOUSE_US,TL_ANALYTICS,TL_ANALYTICS_RCA,7,CARRIER_NAME,TEXT,YES
PRODUCTION_LAKEHOUSE_US,TL_ANALYTICS,TL_ANALYTICS_RCA,8,PICKUP_LOCATION_NAME,TEXT,YES
PRODUCTION_LAKEHOUSE_US,TL_ANALYTICS,TL_ANALYTICS_RCA,9,PICKUP_POSTAL_CODE,TEXT,YES
PRODUCTION_LAKEHOUSE_US,TL_ANALYTICS,TL_ANALYTICS_RCA,10,PICKUP_LOCATION_CITY,TEXT,YES
PRODUCTION_LAKEHOUSE_US,TL_ANALYTICS,TL_ANALYTICS_RCA,11,PICKUP_LOCATION_STATE,TEXT,YES
PRODUCTION_LAKEHOUSE_US,TL_ANALYTICS,TL_ANALYTICS_RCA,12,PICKUP_COUNTRY,TEXT,YES
PRODUCTION_LAKEHOUSE_US,TL_ANALYTICS,TL_ANALYTICS_RCA,13,PICKUP_COUNTRY_CODE,TEXT,YES
PRODUCTION_LAKEHOUSE_US,TL_ANALYTICS,TL_ANALYTICS_RCA,14,PICKUP_LOCATION_REGION,TEXT,YES
PRODUCTION_LAKEHOUSE_US,TL_ANALYTICS,TL_ANALYTICS_RCA,15,DESTINATION_LOCATION_NAME,TEXT,YES
PRODUCTION_LAKEHOUSE_US,TL_ANALYTICS,TL_ANALYTICS_RCA,16,DESTINATION_POSTAL_CODE,TEXT,YES
PRODUCTION_LAKEHOUSE_US,TL_ANALYTICS,TL_ANALYTICS_RCA,17,DESTINATION_LOCATION_CITY,TEXT,YES
PRODUCTION_LAKEHOUSE_US,TL_ANALYTICS,TL_ANALYTICS_RCA,18,DESTINATION_LOCATION_STATE,TEXT,YES
PRODUCTION_LAKEHOUSE_US,TL_ANALYTICS,TL_ANALYTICS_RCA,19,DESTINATION_COUNTRY,TEXT,YES
PRODUCTION_LAKEHOUSE_US,TL_ANALYTICS,TL_ANALYTICS_RCA,20,DESTINATION_COUNTRY_CODE,TEXT,YES
PRODUCTION_LAKEHOUSE_US,TL_ANALYTICS,TL_ANALYTICS_RCA,21,DESTINATION_LOCATION_REGION,TEXT,YES
PRODUCTION_LAKEHOUSE_US,TL_ANALYTICS,TL_ANALYTICS_RCA,22,LANE,TEXT,YES
PRODUCTION_LAKEHOUSE_US,TL_ANALYTICS,TL_ANALYTICS_RCA,23,PICKUP_LOCATION_CITY_STATE,TEXT,YES
PRODUCTION_LAKEHOUSE_US,TL_ANALYTICS,TL_ANALYTICS_RCA,24,PICKUP_LOCATION_CITY_COUNTRY,TEXT,YES
PRODUCTION_LAKEHOUSE_US,TL_ANALYTICS,TL_ANALYTICS_RCA,25,DESTINATION_LOCATION_CITY_STATE,TEXT,YES
PRODUCTION_LAKEHOUSE_US,TL_ANALYTICS,TL_ANALYTICS_RCA,26,DESTINATION_LOCATION_CITY_COUNTRY,TEXT,YES
PRODUCTION_LAKEHOUSE_US,TL_ANALYTICS,TL_ANALYTICS_RCA,27,TOTAL_STOPS,NUMBER,YES
PRODUCTION_LAKEHOUSE_US,TL_ANALYTICS,TL_ANALYTICS_RCA,28,TRACKING_METHOD,TEXT,YES
PRODUCTION_LAKEHOUSE_US,TL_ANALYTICS,TL_ANALYTICS_RCA,29,TRACKING_TYPE,TEXT,YES
PRODUCTION_LAKEHOUSE_US,TL_ANALYTICS,TL_ANALYTICS_RCA,30,IS_TRACKED,BOOLEAN,YES
PRODUCTION_LAKEHOUSE_US,TL_ANALYTICS,TL_ANALYTICS_RCA,31,TRACKED,NUMBER,YES
PRODUCTION_LAKEHOUSE_US,TL_ANALYTICS,TL_ANALYTICS_RCA,32,AVG_PING_FREQUENCY_MINS,NUMBER,YES
PRODUCTION_LAKEHOUSE_US,TL_ANALYTICS,TL_ANALYTICS_RCA,33,PING_COUNT,NUMBER,YES
PRODUCTION_LAKEHOUSE_US,TL_ANALYTICS,TL_ANALYTICS_RCA,34,CREATED_DT,TIMESTAMP_NTZ,YES
PRODUCTION_LAKEHOUSE_US,TL_ANALYTICS,TL_ANALYTICS_RCA,35,TRACKING_START_UTC_DT,TIMESTAMP_NTZ,YES
PRODUCTION_LAKEHOUSE_US,TL_ANALYTICS,TL_ANALYTICS_RCA,36,TRACKING_END_UTC_DT,TIMESTAMP_NTZ,YES
PRODUCTION_LAKEHOUSE_US,TL_ANALYTICS,TL_ANALYTICS_RCA,37,PICKUP_ARRIVAL_UTC_DT,TIMESTAMP_NTZ,YES
PRODUCTION_LAKEHOUSE_US,TL_ANALYTICS,TL_ANALYTICS_RCA,38,PICKUP_DEPARTURE_UTC_DT,TIMESTAMP_NTZ,YES
PRODUCTION_LAKEHOUSE_US,TL_ANALYTICS,TL_ANALYTICS_RCA,39,PICKUP_ARRIVAL_LOCAL_DT,TIMESTAMP_TZ,YES
PRODUCTION_LAKEHOUSE_US,TL_ANALYTICS,TL_ANALYTICS_RCA,40,PICKUP_DEPARTURE_LOCAL_DT,TIMESTAMP_TZ,YES
PRODUCTION_LAKEHOUSE_US,TL_ANALYTICS,TL_ANALYTICS_RCA,41,DESTINATION_ARRIVAL_UTC_DT,TIMESTAMP_NTZ,YES
PRODUCTION_LAKEHOUSE_US,TL_ANALYTICS,TL_ANALYTICS_RCA,42,DESTINATION_DEPARTURE_UTC_DT,TIMESTAMP_NTZ,YES
PRODUCTION_LAKEHOUSE_US,TL_ANALYTICS,TL_ANALYTICS_RCA,43,DESTINATION_ARRIVAL_LOCAL_DT,TIMESTAMP_TZ,YES
PRODUCTION_LAKEHOUSE_US,TL_ANALYTICS,TL_ANALYTICS_RCA,44,DESTINATION_DEPARTURE_LOCAL_DT,TIMESTAMP_TZ,YES
PRODUCTION_LAKEHOUSE_US,TL_ANALYTICS,TL_ANALYTICS_RCA,45,PICKUP_APPOINTMENT_LOCAL_START_DT,TIMESTAMP_TZ,YES
PRODUCTION_LAKEHOUSE_US,TL_ANALYTICS,TL_ANALYTICS_RCA,46,DESTINATION_APPOINTMENT_LOCAL_END_DT,TIMESTAMP_TZ,YES
PRODUCTION_LAKEHOUSE_US,TL_ANALYTICS,TL_ANALYTICS_RCA,47,PICKUP_ARRIVAL_STATUS_30_MIN,TEXT,YES
PRODUCTION_LAKEHOUSE_US,TL_ANALYTICS,TL_ANALYTICS_RCA,48,DESTINATION_ARRIVAL_STATUS_30_MIN,TEXT,YES
PRODUCTION_LAKEHOUSE_US,TL_ANALYTICS,TL_ANALYTICS_RCA,49,ORIGIN_ARRIVAL_MILESTONE_UPDATE_DELAY_MINS,NUMBER,YES
PRODUCTION_LAKEHOUSE_US,TL_ANALYTICS,TL_ANALYTICS_RCA,50,ORIGIN_DEPARTURE_MILESTONE_UPDATE_DELAY_MINS,NUMBER,YES
PRODUCTION_LAKEHOUSE_US,TL_ANALYTICS,TL_ANALYTICS_RCA,51,DESTINATION_ARRIVAL_MILESTONE_UPDATE_DELAY_MINS,NUMBER,YES
PRODUCTION_LAKEHOUSE_US,TL_ANALYTICS,TL_ANALYTICS_RCA,52,DESTINATION_DEPARTURE_MILESTONE_UPDATE_DELAY_MINS,NUMBER,YES
PRODUCTION_LAKEHOUSE_US,TL_ANALYTICS,TL_ANALYTICS_RCA,53,ATTR1_NAME,TEXT,YES
PRODUCTION_LAKEHOUSE_US,TL_ANALYTICS,TL_ANALYTICS_RCA,54,ATTR1_VALUE,TEXT,YES
PRODUCTION_LAKEHOUSE_US,TL_ANALYTICS,TL_ANALYTICS_RCA,55,ATTR2_NAME,TEXT,YES
PRODUCTION_LAKEHOUSE_US,TL_ANALYTICS,TL_ANALYTICS_RCA,56,ATTR2_VALUE,TEXT,YES
PRODUCTION_LAKEHOUSE_US,TL_ANALYTICS,TL_ANALYTICS_RCA,57,ATTR3_NAME,TEXT,YES
PRODUCTION_LAKEHOUSE_US,TL_ANALYTICS,TL_ANALYTICS_RCA,58,ATTR3_VALUE,TEXT,YES
PRODUCTION_LAKEHOUSE_US,TL_ANALYTICS,TL_ANALYTICS_RCA,59,ATTR4_NAME,TEXT,YES
PRODUCTION_LAKEHOUSE_US,TL_ANALYTICS,TL_ANALYTICS_RCA,60,ATTR4_VALUE,TEXT,YES
PRODUCTION_LAKEHOUSE_US,TL_ANALYTICS,TL_ANALYTICS_RCA,61,ATTR5_NAME,TEXT,YES
PRODUCTION_LAKEHOUSE_US,TL_ANALYTICS,TL_ANALYTICS_RCA,62,ATTR5_VALUE,TEXT,YES
PRODUCTION_LAKEHOUSE_US,TL_ANALYTICS,TL_ANALYTICS_RCA,63,TL_EQUIPMENT_ID,TEXT,YES
PRODUCTION_LAKEHOUSE_US,TL_ANALYTICS,TL_ANALYTICS_RCA,64,TL_HISTORICAL_EQUIPMENT_ID,TEXT,YES
PRODUCTION_LAKEHOUSE_US,TL_ANALYTICS,TL_ANALYTICS_RCA,65,BILL_OF_LADING,TEXT,YES
PRODUCTION_LAKEHOUSE_US,TL_ANALYTICS,TL_ANALYTICS_RCA,66,ORDER_NUMBER,TEXT,YES
PRODUCTION_LAKEHOUSE_US,TL_ANALYTICS,TL_ANALYTICS_RCA,67,SCAC,TEXT,YES
PRODUCTION_LAKEHOUSE_US,TL_ANALYTICS,TL_ANALYTICS_RCA,68,US_DOT_NUMBER,TEXT,YES
PRODUCTION_LAKEHOUSE_US,TL_ANALYTICS,TL_ANALYTICS_RCA,69,MC_NUMBER,TEXT,YES
PRODUCTION_LAKEHOUSE_US,TL_ANALYTICS,TL_ANALYTICS_RCA,70,VAT_NUMBER,TEXT,YES
PRODUCTION_LAKEHOUSE_US,TL_ANALYTICS,TL_ANALYTICS_RCA,71,FINAL_STATUS,TEXT,YES
PRODUCTION_LAKEHOUSE_US,TL_ANALYTICS,TL_ANALYTICS_RCA,72,ONE_ISSUE_ROOT_CAUSE,TEXT,YES
PRODUCTION_LAKEHOUSE_US,TL_ANALYTICS,TL_ANALYTICS_RCA,73,ISSUE_ROOT_CAUSE,TEXT,YES
PRODUCTION_LAKEHOUSE_US,TL_ANALYTICS,TL_ANALYTICS_RCA,74,SHIPMENT_ERROR,TEXT,YES
PRODUCTION_LAKEHOUSE_US,TL_ANALYTICS,TL_ANALYTICS_RCA,75,ONE_ACTION_ITEM,TEXT,YES
PRODUCTION_LAKEHOUSE_US,TL_ANALYTICS,TL_ANALYTICS_RCA,76,ACTION_ITEM,TEXT,YES
PRODUCTION_LAKEHOUSE_US,TL_ANALYTICS,TL_ANALYTICS_RCA,77,FINAL_STATUS_REASON,TEXT,YES
PRODUCTION_LAKEHOUSE_US,TL_ANALYTICS,TL_ANALYTICS_RCA,78,TRACKING_METHOD_RCA,TEXT,YES
PRODUCTION_LAKEHOUSE_US,TL_ANALYTICS,TL_ANALYTICS_RCA,79,TRACKING_TYPE_RCA,TEXT,YES
PRODUCTION_LAKEHOUSE_US,TL_ANALYTICS,TL_ANALYTICS_RCA,80,TL_TQ_STOP_EVENT_PERCENTAGE,NUMBER,YES
PRODUCTION_LAKEHOUSE_US,TL_ANALYTICS,TL_ANALYTICS_RCA,81,TL_TQ_STATUS_UPDATE_DELAY,NUMBER,YES
PRODUCTION_LAKEHOUSE_US,TL_ANALYTICS,TL_ANALYTICS_RCA,82,IS_PING_COMPLETE,BOOLEAN,YES
PRODUCTION_LAKEHOUSE_US,TL_ANALYTICS,TL_ANALYTICS_RCA,83,TENANT_TYPE,TEXT,YES
PRODUCTION_LAKEHOUSE_US,TL_ANALYTICS,TL_ANALYTICS_RCA,84,CARRIER_TMS_PROVIDER_NAME,TEXT,YES
PRODUCTION_LAKEHOUSE_US,TL_ANALYTICS,TL_ANALYTICS_RCA,85,CONNECTION_TYPE,TEXT,YES
PRODUCTION_LAKEHOUSE_US,TL_ANALYTICS,TL_ANALYTICS_RCA,86,SHIPMENT_ATTRIBUTES,ARRAY,YES
PRODUCTION_LAKEHOUSE_US,TL_ANALYTICS,TL_ANALYTICS_RCA,87,MASTER_SHIPMENT_UUID,TEXT,YES
PRODUCTION_LAKEHOUSE_US,TL_ANALYTICS_INTERNAL,TL_DATA_QUALITY,1,TENANT_NAME,TEXT,YES
PRODUCTION_LAKEHOUSE_US,TL_ANALYTICS_INTERNAL,TL_DATA_QUALITY,2,ORDER_NUMBER,TEXT,YES
PRODUCTION_LAKEHOUSE_US,TL_ANALYTICS_INTERNAL,TL_DATA_QUALITY,3,BILL_OF_LADING,TEXT,YES
PRODUCTION_LAKEHOUSE_US,TL_ANALYTICS_INTERNAL,TL_DATA_QUALITY,4,PRO,TEXT,YES
PRODUCTION_LAKEHOUSE_US,TL_ANALYTICS_INTERNAL,TL_DATA_QUALITY,5,PURCHASE_ORDER,TEXT,YES
PRODUCTION_LAKEHOUSE_US,TL_ANALYTICS_INTERNAL,TL_DATA_QUALITY,6,PICKUP,TEXT,YES
PRODUCTION_LAKEHOUSE_US,TL_ANALYTICS_INTERNAL,TL_DATA_QUALITY,7,CUSTOMER_REFERENCE,TEXT,YES
PRODUCTION_LAKEHOUSE_US,TL_ANALYTICS_INTERNAL,TL_DATA_QUALITY,8,TRACKING_NUMBER,TEXT,YES
PRODUCTION_LAKEHOUSE_US,TL_ANALYTICS_INTERNAL,TL_DATA_QUALITY,9,P44_SHIPMENT_ID,TEXT,YES
PRODUCTION_LAKEHOUSE_US,TL_ANALYTICS_INTERNAL,TL_DATA_QUALITY,10,MASTER_SHIPMENT_UUID,TEXT,YES
PRODUCTION_LAKEHOUSE_US,TL_ANALYTICS_INTERNAL,TL_DATA_QUALITY,11,CARRIER_NAME,TEXT,YES
PRODUCTION_LAKEHOUSE_US,TL_ANALYTICS_INTERNAL,TL_DATA_QUALITY,12,P44_CARRIER_ID,TEXT,YES
PRODUCTION_LAKEHOUSE_US,TL_ANALYTICS_INTERNAL,TL_DATA_QUALITY,13,ACTIVE_EQUIPMENT_ID,TEXT,YES
PRODUCTION_LAKEHOUSE_US,TL_ANALYTICS_INTERNAL,TL_DATA_QUALITY,14,HISTORICAL_EQUIPMENT_ID,TEXT,YES
PRODUCTION_LAKEHOUSE_US,TL_ANALYTICS_INTERNAL,TL_DATA_QUALITY,15,TRACKED,BOOLEAN,YES
PRODUCTION_LAKEHOUSE_US,TL_ANALYTICS_INTERNAL,TL_DATA_QUALITY,16,TRACKING_TYPE,TEXT,YES
PRODUCTION_LAKEHOUSE_US,TL_ANALYTICS_INTERNAL,TL_DATA_QUALITY,17,FINAL_STATUS_REASON,TEXT,YES
PRODUCTION_LAKEHOUSE_US,TL_ANALYTICS_INTERNAL,TL_DATA_QUALITY,18,DELETED_DATE_KEY,NUMBER,YES
PRODUCTION_LAKEHOUSE_US,TL_ANALYTICS_INTERNAL,TL_DATA_QUALITY,19,SHIPMENT_MODE,TEXT,YES
PRODUCTION_LAKEHOUSE_US,TL_ANALYTICS_INTERNAL,TL_DATA_QUALITY,20,PICKUP_CITY_STATE,TEXT,YES
PRODUCTION_LAKEHOUSE_US,TL_ANALYTICS_INTERNAL,TL_DATA_QUALITY,21,PICKUP_COUNTRY,TEXT,YES
PRODUCTION_LAKEHOUSE_US,TL_ANALYTICS_INTERNAL,TL_DATA_QUALITY,22,PICKUP_REGION,TEXT,YES
PRODUCTION_LAKEHOUSE_US,TL_ANALYTICS_INTERNAL,TL_DATA_QUALITY,23,PICKUP_SUBREGION,TEXT,YES
PRODUCTION_LAKEHOUSE_US,TL_ANALYTICS_INTERNAL,TL_DATA_QUALITY,24,PICKUP_NAME,TEXT,YES
PRODUCTION_LAKEHOUSE_US,TL_ANALYTICS_INTERNAL,TL_DATA_QUALITY,25,DROPOFF_CITY_STATE,TEXT,YES
PRODUCTION_LAKEHOUSE_US,TL_ANALYTICS_INTERNAL,TL_DATA_QUALITY,26,DESTINATION_COUNTRY,TEXT,YES
PRODUCTION_LAKEHOUSE_US,TL_ANALYTICS_INTERNAL,TL_DATA_QUALITY,27,DESTINATION_REGION,TEXT,YES
PRODUCTION_LAKEHOUSE_US,TL_ANALYTICS_INTERNAL,TL_DATA_QUALITY,28,DESTINATION_SUBREGION,TEXT,YES
PRODUCTION_LAKEHOUSE_US,TL_ANALYTICS_INTERNAL,TL_DATA_QUALITY,29,DESTINATION_NAME,TEXT,YES
PRODUCTION_LAKEHOUSE_US,TL_ANALYTICS_INTERNAL,TL_DATA_QUALITY,30,CREATED_UTC_DT,TIMESTAMP_NTZ,YES
PRODUCTION_LAKEHOUSE_US,TL_ANALYTICS_INTERNAL,TL_DATA_QUALITY,31,TRACKING_START_UTC_DT,TIMESTAMP_NTZ,YES
PRODUCTION_LAKEHOUSE_US,TL_ANALYTICS_INTERNAL,TL_DATA_QUALITY,32,TRACKING_END_UTC_DT,TIMESTAMP_NTZ,YES
PRODUCTION_LAKEHOUSE_US,TL_ANALYTICS_INTERNAL,TL_DATA_QUALITY,33,PICKUP_APPOINTMENT_START_UTC_DT,TIMESTAMP_NTZ,YES
PRODUCTION_LAKEHOUSE_US,TL_ANALYTICS_INTERNAL,TL_DATA_QUALITY,34,PICKUP_APPOINTMENT_END_UTC_DT,TIMESTAMP_NTZ,YES
PRODUCTION_LAKEHOUSE_US,TL_ANALYTICS_INTERNAL,TL_DATA_QUALITY,35,DROPOFF_APPOINTMENT_START_UTC_DT,TIMESTAMP_NTZ,YES
PRODUCTION_LAKEHOUSE_US,TL_ANALYTICS_INTERNAL,TL_DATA_QUALITY,36,DROPOFF_APPOINTMENT_END_UTC_DT,TIMESTAMP_NTZ,YES
PRODUCTION_LAKEHOUSE_US,TL_ANALYTICS_INTERNAL,TL_DATA_QUALITY,37,DELETED_DATE,DATE,YES
PRODUCTION_LAKEHOUSE_US,TL_ANALYTICS_INTERNAL,TL_DATA_QUALITY,38,TENANT_ID,TEXT,YES
PRODUCTION_LAKEHOUSE_US,TL_ANALYTICS_INTERNAL,TL_DATA_QUALITY,39,TENANT_SOURCE,TEXT,YES
PRODUCTION_LAKEHOUSE_US,TL_ANALYTICS_INTERNAL,TL_DATA_QUALITY,40,MAPPED_SFDC_ACCOUNT_ID,TEXT,YES
PRODUCTION_LAKEHOUSE_US,TL_ANALYTICS_INTERNAL,TL_DATA_QUALITY,41,TENANT_KEY,NUMBER,YES
PRODUCTION_LAKEHOUSE_US,TL_ANALYTICS_INTERNAL,TL_DATA_QUALITY,42,CARRIER_KEY,NUMBER,YES
PRODUCTION_LAKEHOUSE_US,TL_ANALYTICS_INTERNAL,TL_DATA_QUALITY,43,SCAC,TEXT,YES
PRODUCTION_LAKEHOUSE_US,TL_ANALYTICS_INTERNAL,TL_DATA_QUALITY,44,CARRIER_DOT,TEXT,YES
PRODUCTION_LAKEHOUSE_US,TL_ANALYTICS_INTERNAL,TL_DATA_QUALITY,45,CARRIER_MC,TEXT,YES
PRODUCTION_LAKEHOUSE_US,TL_ANALYTICS_INTERNAL,TL_DATA_QUALITY,46,CARRIER_P44_EU,TEXT,YES
PRODUCTION_LAKEHOUSE_US,TL_ANALYTICS_INTERNAL,TL_DATA_QUALITY,47,VAT_NUMBER,TEXT,YES
PRODUCTION_LAKEHOUSE_US,TL_ANALYTICS_INTERNAL,TL_DATA_QUALITY,48,HQ_ADDRESS,TEXT,YES
PRODUCTION_LAKEHOUSE_US,TL_ANALYTICS_INTERNAL,TL_DATA_QUALITY,49,HQ_CITY,TEXT,YES
PRODUCTION_LAKEHOUSE_US,TL_ANALYTICS_INTERNAL,TL_DATA_QUALITY,50,HQ_COUNTRY,TEXT,YES
PRODUCTION_LAKEHOUSE_US,TL_ANALYTICS_INTERNAL,TL_DATA_QUALITY,51,TRACKING_METHOD,TEXT,YES
PRODUCTION_LAKEHOUSE_US,TL_ANALYTICS_INTERNAL,TL_DATA_QUALITY,52,PICKUP_ARRIVAL_MILESTONE,TEXT,YES
PRODUCTION_LAKEHOUSE_US,TL_ANALYTICS_INTERNAL,TL_DATA_QUALITY,53,PICKUP_DEPARTURE_MILESTONE,TEXT,YES
PRODUCTION_LAKEHOUSE_US,TL_ANALYTICS_INTERNAL,TL_DATA_QUALITY,54,DROPOFF_ARRIVAL_MILESTONE,TEXT,YES
PRODUCTION_LAKEHOUSE_US,TL_ANALYTICS_INTERNAL,TL_DATA_QUALITY,55,DROPOFF_DEPARTURE_MILESTONE,TEXT,YES
PRODUCTION_LAKEHOUSE_US,TL_ANALYTICS_INTERNAL,TL_DATA_QUALITY,56,QUALITY,NUMBER,YES
PRODUCTION_LAKEHOUSE_US,TL_ANALYTICS_INTERNAL,TL_DATA_QUALITY,57,HAS_EQUIPMENT_ID,BOOLEAN,YES
PRODUCTION_LAKEHOUSE_US,TL_ANALYTICS_INTERNAL,TL_DATA_QUALITY,58,ATTR1_VALUE,TEXT,YES
PRODUCTION_LAKEHOUSE_US,TL_ANALYTICS_INTERNAL,TL_DATA_QUALITY,59,ATTR1_NAME,TEXT,YES
PRODUCTION_LAKEHOUSE_US,TL_ANALYTICS_INTERNAL,TL_DATA_QUALITY,60,ATTR2_VALUE,TEXT,YES
PRODUCTION_LAKEHOUSE_US,TL_ANALYTICS_INTERNAL,TL_DATA_QUALITY,61,ATTR2_NAME,TEXT,YES
PRODUCTION_LAKEHOUSE_US,TL_ANALYTICS_INTERNAL,TL_DATA_QUALITY,62,ATTR3_VALUE,TEXT,YES
PRODUCTION_LAKEHOUSE_US,TL_ANALYTICS_INTERNAL,TL_DATA_QUALITY,63,ATTR3_NAME,TEXT,YES
PRODUCTION_LAKEHOUSE_US,TL_ANALYTICS_INTERNAL,TL_DATA_QUALITY,64,ATTR4_VALUE,TEXT,YES
PRODUCTION_LAKEHOUSE_US,TL_ANALYTICS_INTERNAL,TL_DATA_QUALITY,65,ATTR4_NAME,TEXT,YES
PRODUCTION_LAKEHOUSE_US,TL_ANALYTICS_INTERNAL,TL_DATA_QUALITY,66,ATTR5_VALUE,TEXT,YES
PRODUCTION_LAKEHOUSE_US,TL_ANALYTICS_INTERNAL,TL_DATA_QUALITY,67,ATTR5_NAME,TEXT,YES
PRODUCTION_LAKEHOUSE_US,TL_ANALYTICS_INTERNAL,TL_DATA_QUALITY,68,FT_SHIPMENT_ERROR,TEXT,YES
PRODUCTION_LAKEHOUSE_US,TL_ANALYTICS_INTERNAL,TL_DATA_QUALITY,69,TRACKING_ERROR_COUNT,NUMBER,YES
PRODUCTION_LAKEHOUSE_US,TL_ANALYTICS_INTERNAL,TL_DATA_QUALITY,70,UNKNOWN_ERROR,NUMBER,YES
PRODUCTION_LAKEHOUSE_US,TL_ANALYTICS_INTERNAL,TL_DATA_QUALITY,71,TRACKING_ERROR,NUMBER,YES
PRODUCTION_LAKEHOUSE_US,TL_ANALYTICS_INTERNAL,TL_DATA_QUALITY,72,ETA_ERROR,NUMBER,YES
PRODUCTION_LAKEHOUSE_US,TL_ANALYTICS_INTERNAL,TL_DATA_QUALITY,73,PING_FREQUENCY_ERROR,NUMBER,YES
PRODUCTION_LAKEHOUSE_US,TL_ANALYTICS_INTERNAL,TL_DATA_QUALITY,74,MILESTONE_ERROR,NUMBER,YES
PRODUCTION_LAKEHOUSE_US,TL_ANALYTICS_INTERNAL,TL_DATA_QUALITY,75,TOTAL_NDS_ERRORS,NUMBER,YES
PRODUCTION_LAKEHOUSE_US,TL_ANALYTICS_INTERNAL,TL_DATA_QUALITY,76,ISSUE_SHIPMENT_COUNT,NUMBER,YES
PRODUCTION_LAKEHOUSE_US,TL_ANALYTICS_INTERNAL,TL_DATA_QUALITY,77,ENV,TEXT,YES
PRODUCTION_LAKEHOUSE_US,TL_ANALYTICS_INTERNAL,TL_DATA_QUALITY,78,TRACKING_METHOD_RCA,TEXT,YES
PRODUCTION_LAKEHOUSE_US,TL_ANALYTICS_INTERNAL,TL_DATA_QUALITY,79,TRACKING_TYPE_RCA,TEXT,YES
PRODUCTION_LAKEHOUSE_US,TL_ANALYTICS_INTERNAL,TL_DATA_QUALITY,80,TL_TQ_STOP_EVENT_PERCENTAGE,NUMBER,YES
PRODUCTION_LAKEHOUSE_US,TL_ANALYTICS_INTERNAL,TL_DATA_QUALITY,81,LTL_TQ_TRACKING_PERCENTAGE,NUMBER,YES
PRODUCTION_LAKEHOUSE_US,TL_ANALYTICS_INTERNAL,TL_DATA_QUALITY,82,TL_TQ_STATUS_UPDATE_DELAY,NUMBER,YES
PRODUCTION_LAKEHOUSE_US,TL_ANALYTICS_INTERNAL,TL_DATA_QUALITY,83,LTL_TQ_STATUS_UPDATE_DELAY,NUMBER,YES
PRODUCTION_LAKEHOUSE_US,TL_ANALYTICS_INTERNAL,TL_DATA_QUALITY,84,IS_PING_COMPLETE,BOOLEAN,YES
PRODUCTION_LAKEHOUSE_US,TL_ANALYTICS_INTERNAL,TL_DATA_QUALITY,85,TL_GEO_PRECISION_PERCENTAGE,NUMBER,YES
PRODUCTION_LAKEHOUSE_US,TL_ANALYTICS_INTERNAL,TL_DATA_QUALITY,86,TL_EQUIPMENT_ID_SOURCE,TEXT,YES
PRODUCTION_LAKEHOUSE_US,TL_ANALYTICS_INTERNAL,TL_DATA_QUALITY,87,TL_TQ_STATUS_UPDATE_FREQUENCY,NUMBER,YES
PRODUCTION_LAKEHOUSE_US,TL_ANALYTICS_INTERNAL,TL_DATA_QUALITY,88,TOTAL_STOPS,NUMBER,YES
PRODUCTION_LAKEHOUSE_US,TL_ANALYTICS_INTERNAL,TL_DATA_QUALITY,89,PICKUP_ARRIVAL_STATUS_30_MIN,TEXT,YES
PRODUCTION_LAKEHOUSE_US,TL_ANALYTICS_INTERNAL,TL_DATA_QUALITY,90,MASTER_CARRIER_ID,TEXT,YES
PRODUCTION_LAKEHOUSE_US,TL_ANALYTICS_INTERNAL,TL_DATA_QUALITY,91,MILESTONES_EXPECTED,NUMBER,YES
PRODUCTION_LAKEHOUSE_US,TL_ANALYTICS_INTERNAL,TL_DATA_QUALITY,92,MILESTONES_CAPTURED,NUMBER,YES
PRODUCTION_LAKEHOUSE_US,TL_ANALYTICS_INTERNAL,TL_DATA_QUALITY,93,MILESTONES_CAPTURED_ARRIVAL,NUMBER,YES
PRODUCTION_LAKEHOUSE_US,TL_ANALYTICS_INTERNAL,TL_DATA_QUALITY,94,MILESTONES_CAPTURED_DEPARTURE,NUMBER,YES
PRODUCTION_LAKEHOUSE_US,TL_ANALYTICS_INTERNAL,TL_DATA_QUALITY,95,ORIGIN_ARRIVAL_RECEIVED,NUMBER,YES
PRODUCTION_LAKEHOUSE_US,TL_ANALYTICS_INTERNAL,TL_DATA_QUALITY,96,DESTINATION_ARRIVAL_RECEIVED,NUMBER,YES
PRODUCTION_LAKEHOUSE_US,TL_ANALYTICS_INTERNAL,TL_DATA_QUALITY,97,KEY_ENDPOINT_ARRIVALS_RECEIVED,NUMBER,YES
PRODUCTION_LAKEHOUSE_US,TL_ANALYTICS_INTERNAL,TL_DATA_QUALITY,98,LATENCY_UPDATES_RECEIVED,NUMBER,YES
PRODUCTION_LAKEHOUSE_US,TL_ANALYTICS_INTERNAL,TL_DATA_QUALITY,99,LATENCY_UPDATES_PASSED,NUMBER,YES
PRODUCTION_LAKEHOUSE_US,TL_ANALYTICS_INTERNAL,TL_DATA_QUALITY,100,LATENCY_IN_MIN,NUMBER,YES
PRODUCTION_LAKEHOUSE_US,TL_ANALYTICS_INTERNAL,TL_DATA_QUALITY,101,LATENCY_SUM,NUMBER,YES
PRODUCTION_LAKEHOUSE_US,TL_ANALYTICS_INTERNAL,TL_DATA_QUALITY,102,INTERVALS_OBSERVED,NUMBER,YES
PRODUCTION_LAKEHOUSE_US,TL_ANALYTICS_INTERNAL,TL_DATA_QUALITY,103,INTERVALS_EXPECTED,FLOAT,YES
PRODUCTION_LAKEHOUSE_US,TL_ANALYTICS_INTERNAL,TL_DATA_QUALITY,104,SHIPMENT_DISTANCE_KM,FLOAT,YES
PRODUCTION_LAKEHOUSE_US,TL_ANALYTICS_INTERNAL,TL_DATA_QUALITY_MILESTONE,1,SHIPMENT_ID,NUMBER,YES
PRODUCTION_LAKEHOUSE_US,TL_ANALYTICS_INTERNAL,TL_DATA_QUALITY_MILESTONE,2,TL_SHIPMENT_STOP_ID,NUMBER,YES
PRODUCTION_LAKEHOUSE_US,TL_ANALYTICS_INTERNAL,TL_DATA_QUALITY_MILESTONE,3,STOP_TYPE,TEXT,YES
PRODUCTION_LAKEHOUSE_US,TL_ANALYTICS_INTERNAL,TL_DATA_QUALITY_MILESTONE,4,STOP_NUMBER,NUMBER,YES
PRODUCTION_LAKEHOUSE_US,TL_ANALYTICS_INTERNAL,TL_DATA_QUALITY_MILESTONE,5,LOCATION_ID,TEXT,YES
PRODUCTION_LAKEHOUSE_US,TL_ANALYTICS_INTERNAL,TL_DATA_QUALITY_MILESTONE,6,GEO_COORDINATES,GEOGRAPHY,YES
PRODUCTION_LAKEHOUSE_US,TL_ANALYTICS_INTERNAL,TL_DATA_QUALITY_MILESTONE,7,UTC_APPOINTMENT_START_DATE_TIME,TIMESTAMP_NTZ,YES
PRODUCTION_LAKEHOUSE_US,TL_ANALYTICS_INTERNAL,TL_DATA_QUALITY_MILESTONE,8,UTC_APPOINTMENT_END_DATE_TIME,TIMESTAMP_NTZ,YES
PRODUCTION_LAKEHOUSE_US,TL_ANALYTICS_INTERNAL,TL_DATA_QUALITY_MILESTONE,9,TRACKING_SERVICE_VERSION,TEXT,YES
PRODUCTION_LAKEHOUSE_US,TL_ANALYTICS_INTERNAL,TL_DATA_QUALITY_MILESTONE,10,DATA_SOURCE,TEXT,YES
PRODUCTION_LAKEHOUSE_US,TL_ANALYTICS_INTERNAL,TL_DATA_QUALITY_MILESTONE,11,MILESTONE,TEXT,YES
PRODUCTION_LAKEHOUSE_US,TL_ANALYTICS_INTERNAL,TL_DATA_QUALITY_MILESTONE,12,UTC_TIMESTAMP,TIMESTAMP_NTZ,YES
PRODUCTION_LAKEHOUSE_US,TL_ANALYTICS_INTERNAL,TL_DATA_QUALITY_MILESTONE,13,UTC_RETRIEVAL_DATE_TIME,TIMESTAMP_NTZ,YES
PRODUCTION_LAKEHOUSE_US,TL_ANALYTICS_INTERNAL,TL_DATA_QUALITY_MILESTONE,14,LATENCY_IN_MIN,NUMBER,YES
PRODUCTION_LAKEHOUSE_US,TL_ANALYTICS_INTERNAL,TL_DATA_QUALITY_MILESTONE,15,TENANT_NAME,TEXT,YES
PRODUCTION_LAKEHOUSE_US,TL_ANALYTICS_INTERNAL,TL_DATA_QUALITY_MILESTONE,16,ORDER_NUMBER,TEXT,YES
PRODUCTION_LAKEHOUSE_US,TL_ANALYTICS_INTERNAL,TL_DATA_QUALITY_MILESTONE,17,BILL_OF_LADING,TEXT,YES
PRODUCTION_LAKEHOUSE_US,TL_ANALYTICS_INTERNAL,TL_DATA_QUALITY_MILESTONE,18,PRO,TEXT,YES
PRODUCTION_LAKEHOUSE_US,TL_ANALYTICS_INTERNAL,TL_DATA_QUALITY_MILESTONE,19,PURCHASE_ORDER,TEXT,YES
PRODUCTION_LAKEHOUSE_US,TL_ANALYTICS_INTERNAL,TL_DATA_QUALITY_MILESTONE,20,PICKUP,TEXT,YES
PRODUCTION_LAKEHOUSE_US,TL_ANALYTICS_INTERNAL,TL_DATA_QUALITY_MILESTONE,21,CUSTOMER_REFERENCE,TEXT,YES
PRODUCTION_LAKEHOUSE_US,TL_ANALYTICS_INTERNAL,TL_DATA_QUALITY_MILESTONE,22,TRACKING_NUMBER,TEXT,YES
PRODUCTION_LAKEHOUSE_US,TL_ANALYTICS_INTERNAL,TL_DATA_QUALITY_MILESTONE,23,P44_SHIPMENT_ID,TEXT,YES
PRODUCTION_LAKEHOUSE_US,TL_ANALYTICS_INTERNAL,TL_DATA_QUALITY_MILESTONE,24,MASTER_SHIPMENT_UUID,TEXT,YES
PRODUCTION_LAKEHOUSE_US,TL_ANALYTICS_INTERNAL,TL_DATA_QUALITY_MILESTONE,25,CARRIER_NAME,TEXT,YES
PRODUCTION_LAKEHOUSE_US,TL_ANALYTICS_INTERNAL,TL_DATA_QUALITY_MILESTONE,26,P44_CARRIER_ID,TEXT,YES
PRODUCTION_LAKEHOUSE_US,TL_ANALYTICS_INTERNAL,TL_DATA_QUALITY_MILESTONE,27,ACTIVE_EQUIPMENT_ID,TEXT,YES
PRODUCTION_LAKEHOUSE_US,TL_ANALYTICS_INTERNAL,TL_DATA_QUALITY_MILESTONE,28,HISTORICAL_EQUIPMENT_ID,TEXT,YES
PRODUCTION_LAKEHOUSE_US,TL_ANALYTICS_INTERNAL,TL_DATA_QUALITY_MILESTONE,29,TRACKED,BOOLEAN,YES
PRODUCTION_LAKEHOUSE_US,TL_ANALYTICS_INTERNAL,TL_DATA_QUALITY_MILESTONE,30,TRACKING_TYPE,TEXT,YES
PRODUCTION_LAKEHOUSE_US,TL_ANALYTICS_INTERNAL,TL_DATA_QUALITY_MILESTONE,31,FINAL_STATUS_REASON,TEXT,YES
PRODUCTION_LAKEHOUSE_US,TL_ANALYTICS_INTERNAL,TL_DATA_QUALITY_MILESTONE,32,DELETED_DATE_KEY,NUMBER,YES
PRODUCTION_LAKEHOUSE_US,TL_ANALYTICS_INTERNAL,TL_DATA_QUALITY_MILESTONE,33,SHIPMENT_MODE,TEXT,YES
PRODUCTION_LAKEHOUSE_US,TL_ANALYTICS_INTERNAL,TL_DATA_QUALITY_MILESTONE,34,PICKUP_CITY_STATE,TEXT,YES
PRODUCTION_LAKEHOUSE_US,TL_ANALYTICS_INTERNAL,TL_DATA_QUALITY_MILESTONE,35,PICKUP_COUNTRY,TEXT,YES
PRODUCTION_LAKEHOUSE_US,TL_ANALYTICS_INTERNAL,TL_DATA_QUALITY_MILESTONE,36,PICKUP_REGION,TEXT,YES
PRODUCTION_LAKEHOUSE_US,TL_ANALYTICS_INTERNAL,TL_DATA_QUALITY_MILESTONE,37,PICKUP_SUBREGION,TEXT,YES
PRODUCTION_LAKEHOUSE_US,TL_ANALYTICS_INTERNAL,TL_DATA_QUALITY_MILESTONE,38,PICKUP_NAME,TEXT,YES
PRODUCTION_LAKEHOUSE_US,TL_ANALYTICS_INTERNAL,TL_DATA_QUALITY_MILESTONE,39,DROPOFF_CITY_STATE,TEXT,YES
PRODUCTION_LAKEHOUSE_US,TL_ANALYTICS_INTERNAL,TL_DATA_QUALITY_MILESTONE,40,DESTINATION_COUNTRY,TEXT,YES
PRODUCTION_LAKEHOUSE_US,TL_ANALYTICS_INTERNAL,TL_DATA_QUALITY_MILESTONE,41,DESTINATION_REGION,TEXT,YES
PRODUCTION_LAKEHOUSE_US,TL_ANALYTICS_INTERNAL,TL_DATA_QUALITY_MILESTONE,42,DESTINATION_SUBREGION,TEXT,YES
PRODUCTION_LAKEHOUSE_US,TL_ANALYTICS_INTERNAL,TL_DATA_QUALITY_MILESTONE,43,DESTINATION_NAME,TEXT,YES
PRODUCTION_LAKEHOUSE_US,TL_ANALYTICS_INTERNAL,TL_DATA_QUALITY_MILESTONE,44,CREATED_UTC_DT,TIMESTAMP_NTZ,YES
PRODUCTION_LAKEHOUSE_US,TL_ANALYTICS_INTERNAL,TL_DATA_QUALITY_MILESTONE,45,TRACKING_START_UTC_DT,TIMESTAMP_NTZ,YES
PRODUCTION_LAKEHOUSE_US,TL_ANALYTICS_INTERNAL,TL_DATA_QUALITY_MILESTONE,46,TRACKING_END_UTC_DT,TIMESTAMP_NTZ,YES
PRODUCTION_LAKEHOUSE_US,TL_ANALYTICS_INTERNAL,TL_DATA_QUALITY_MILESTONE,47,PICKUP_APPOINTMENT_START_UTC_DT,TIMESTAMP_NTZ,YES
PRODUCTION_LAKEHOUSE_US,TL_ANALYTICS_INTERNAL,TL_DATA_QUALITY_MILESTONE,48,PICKUP_APPOINTMENT_END_UTC_DT,TIMESTAMP_NTZ,YES
PRODUCTION_LAKEHOUSE_US,TL_ANALYTICS_INTERNAL,TL_DATA_QUALITY_MILESTONE,49,DROPOFF_APPOINTMENT_START_UTC_DT,TIMESTAMP_NTZ,YES
PRODUCTION_LAKEHOUSE_US,TL_ANALYTICS_INTERNAL,TL_DATA_QUALITY_MILESTONE,50,DROPOFF_APPOINTMENT_END_UTC_DT,TIMESTAMP_NTZ,YES
PRODUCTION_LAKEHOUSE_US,TL_ANALYTICS_INTERNAL,TL_DATA_QUALITY_MILESTONE,51,DELETED_DATE,DATE,YES
PRODUCTION_LAKEHOUSE_US,TL_ANALYTICS_INTERNAL,TL_DATA_QUALITY_MILESTONE,52,TENANT_ID,TEXT,YES
PRODUCTION_LAKEHOUSE_US,TL_ANALYTICS_INTERNAL,TL_DATA_QUALITY_MILESTONE,53,TENANT_SOURCE,TEXT,YES
PRODUCTION_LAKEHOUSE_US,TL_ANALYTICS_INTERNAL,TL_DATA_QUALITY_MILESTONE,54,MAPPED_SFDC_ACCOUNT_ID,TEXT,YES
PRODUCTION_LAKEHOUSE_US,TL_ANALYTICS_INTERNAL,TL_DATA_QUALITY_MILESTONE,55,TENANT_KEY,NUMBER,YES
PRODUCTION_LAKEHOUSE_US,TL_ANALYTICS_INTERNAL,TL_DATA_QUALITY_MILESTONE,56,CARRIER_KEY,NUMBER,YES
PRODUCTION_LAKEHOUSE_US,TL_ANALYTICS_INTERNAL,TL_DATA_QUALITY_MILESTONE,57,SCAC,TEXT,YES
PRODUCTION_LAKEHOUSE_US,TL_ANALYTICS_INTERNAL,TL_DATA_QUALITY_MILESTONE,58,CARRIER_DOT,TEXT,YES
PRODUCTION_LAKEHOUSE_US,TL_ANALYTICS_INTERNAL,TL_DATA_QUALITY_MILESTONE,59,CARRIER_MC,TEXT,YES
PRODUCTION_LAKEHOUSE_US,TL_ANALYTICS_INTERNAL,TL_DATA_QUALITY_MILESTONE,60,CARRIER_P44_EU,TEXT,YES
PRODUCTION_LAKEHOUSE_US,TL_ANALYTICS_INTERNAL,TL_DATA_QUALITY_MILESTONE,61,VAT_NUMBER,TEXT,YES
PRODUCTION_LAKEHOUSE_US,TL_ANALYTICS_INTERNAL,TL_DATA_QUALITY_MILESTONE,62,HQ_ADDRESS,TEXT,YES
PRODUCTION_LAKEHOUSE_US,TL_ANALYTICS_INTERNAL,TL_DATA_QUALITY_MILESTONE,63,HQ_CITY,TEXT,YES
PRODUCTION_LAKEHOUSE_US,TL_ANALYTICS_INTERNAL,TL_DATA_QUALITY_MILESTONE,64,HQ_COUNTRY,TEXT,YES
PRODUCTION_LAKEHOUSE_US,TL_ANALYTICS_INTERNAL,TL_DATA_QUALITY_MILESTONE,65,TRACKING_METHOD,TEXT,YES
PRODUCTION_LAKEHOUSE_US,TL_ANALYTICS_INTERNAL,TL_DATA_QUALITY_MILESTONE,66,PICKUP_ARRIVAL_MILESTONE,TEXT,YES
PRODUCTION_LAKEHOUSE_US,TL_ANALYTICS_INTERNAL,TL_DATA_QUALITY_MILESTONE,67,PICKUP_DEPARTURE_MILESTONE,TEXT,YES
PRODUCTION_LAKEHOUSE_US,TL_ANALYTICS_INTERNAL,TL_DATA_QUALITY_MILESTONE,68,DROPOFF_ARRIVAL_MILESTONE,TEXT,YES
PRODUCTION_LAKEHOUSE_US,TL_ANALYTICS_INTERNAL,TL_DATA_QUALITY_MILESTONE,69,DROPOFF_DEPARTURE_MILESTONE,TEXT,YES
PRODUCTION_LAKEHOUSE_US,TL_ANALYTICS_INTERNAL,TL_DATA_QUALITY_MILESTONE,70,QUALITY,NUMBER,YES
PRODUCTION_LAKEHOUSE_US,TL_ANALYTICS_INTERNAL,TL_DATA_QUALITY_MILESTONE,71,HAS_EQUIPMENT_ID,BOOLEAN,YES
PRODUCTION_LAKEHOUSE_US,TL_ANALYTICS_INTERNAL,TL_DATA_QUALITY_MILESTONE,72,ATTR1_VALUE,TEXT,YES
PRODUCTION_LAKEHOUSE_US,TL_ANALYTICS_INTERNAL,TL_DATA_QUALITY_MILESTONE,73,ATTR1_NAME,TEXT,YES
PRODUCTION_LAKEHOUSE_US,TL_ANALYTICS_INTERNAL,TL_DATA_QUALITY_MILESTONE,74,ATTR2_VALUE,TEXT,YES
PRODUCTION_LAKEHOUSE_US,TL_ANALYTICS_INTERNAL,TL_DATA_QUALITY_MILESTONE,75,ATTR2_NAME,TEXT,YES
PRODUCTION_LAKEHOUSE_US,TL_ANALYTICS_INTERNAL,TL_DATA_QUALITY_MILESTONE,76,ATTR3_VALUE,TEXT,YES
PRODUCTION_LAKEHOUSE_US,TL_ANALYTICS_INTERNAL,TL_DATA_QUALITY_MILESTONE,77,ATTR3_NAME,TEXT,YES
PRODUCTION_LAKEHOUSE_US,TL_ANALYTICS_INTERNAL,TL_DATA_QUALITY_MILESTONE,78,ATTR4_VALUE,TEXT,YES
PRODUCTION_LAKEHOUSE_US,TL_ANALYTICS_INTERNAL,TL_DATA_QUALITY_MILESTONE,79,ATTR4_NAME,TEXT,YES
PRODUCTION_LAKEHOUSE_US,TL_ANALYTICS_INTERNAL,TL_DATA_QUALITY_MILESTONE,80,ATTR5_VALUE,TEXT,YES
PRODUCTION_LAKEHOUSE_US,TL_ANALYTICS_INTERNAL,TL_DATA_QUALITY_MILESTONE,81,ATTR5_NAME,TEXT,YES
PRODUCTION_LAKEHOUSE_US,TL_ANALYTICS_INTERNAL,TL_DATA_QUALITY_MILESTONE,82,FT_SHIPMENT_ERROR,TEXT,YES
PRODUCTION_LAKEHOUSE_US,TL_ANALYTICS_INTERNAL,TL_DATA_QUALITY_MILESTONE,83,TRACKING_ERROR_COUNT,NUMBER,YES
PRODUCTION_LAKEHOUSE_US,TL_ANALYTICS_INTERNAL,TL_DATA_QUALITY_MILESTONE,84,UNKNOWN_ERROR,NUMBER,YES
PRODUCTION_LAKEHOUSE_US,TL_ANALYTICS_INTERNAL,TL_DATA_QUALITY_MILESTONE,85,TRACKING_ERROR,NUMBER,YES
PRODUCTION_LAKEHOUSE_US,TL_ANALYTICS_INTERNAL,TL_DATA_QUALITY_MILESTONE,86,ETA_ERROR,NUMBER,YES
PRODUCTION_LAKEHOUSE_US,TL_ANALYTICS_INTERNAL,TL_DATA_QUALITY_MILESTONE,87,PING_FREQUENCY_ERROR,NUMBER,YES
PRODUCTION_LAKEHOUSE_US,TL_ANALYTICS_INTERNAL,TL_DATA_QUALITY_MILESTONE,88,MILESTONE_ERROR,NUMBER,YES
PRODUCTION_LAKEHOUSE_US,TL_ANALYTICS_INTERNAL,TL_DATA_QUALITY_MILESTONE,89,TOTAL_NDS_ERRORS,NUMBER,YES
PRODUCTION_LAKEHOUSE_US,TL_ANALYTICS_INTERNAL,TL_DATA_QUALITY_MILESTONE,90,ISSUE_SHIPMENT_COUNT,NUMBER,YES
PRODUCTION_LAKEHOUSE_US,TL_ANALYTICS_INTERNAL,TL_DATA_QUALITY_MILESTONE,91,ENV,TEXT,YES
PRODUCTION_LAKEHOUSE_US,TL_ANALYTICS_INTERNAL,TL_DATA_QUALITY_MILESTONE,92,TRACKING_METHOD_RCA,TEXT,YES
PRODUCTION_LAKEHOUSE_US,TL_ANALYTICS_INTERNAL,TL_DATA_QUALITY_MILESTONE,93,TRACKING_TYPE_RCA,TEXT,YES
PRODUCTION_LAKEHOUSE_US,TL_ANALYTICS_INTERNAL,TL_DATA_QUALITY_MILESTONE,94,TL_TQ_STOP_EVENT_PERCENTAGE,NUMBER,YES
PRODUCTION_LAKEHOUSE_US,TL_ANALYTICS_INTERNAL,TL_DATA_QUALITY_MILESTONE,95,LTL_TQ_TRACKING_PERCENTAGE,NUMBER,YES
PRODUCTION_LAKEHOUSE_US,TL_ANALYTICS_INTERNAL,TL_DATA_QUALITY_MILESTONE,96,TL_TQ_STATUS_UPDATE_DELAY,NUMBER,YES
PRODUCTION_LAKEHOUSE_US,TL_ANALYTICS_INTERNAL,TL_DATA_QUALITY_MILESTONE,97,LTL_TQ_STATUS_UPDATE_DELAY,NUMBER,YES
PRODUCTION_LAKEHOUSE_US,TL_ANALYTICS_INTERNAL,TL_DATA_QUALITY_MILESTONE,98,IS_PING_COMPLETE,BOOLEAN,YES
PRODUCTION_LAKEHOUSE_US,TL_ANALYTICS_INTERNAL,TL_DATA_QUALITY_MILESTONE,99,TL_GEO_PRECISION_PERCENTAGE,NUMBER,YES
PRODUCTION_LAKEHOUSE_US,TL_ANALYTICS_INTERNAL,TL_DATA_QUALITY_MILESTONE,100,TL_EQUIPMENT_ID_SOURCE,TEXT,YES
PRODUCTION_LAKEHOUSE_US,TL_ANALYTICS_INTERNAL,TL_DATA_QUALITY_MILESTONE,101,TL_TQ_STATUS_UPDATE_FREQUENCY,NUMBER,YES
PRODUCTION_LAKEHOUSE_US,TL_ANALYTICS_INTERNAL,TL_DATA_QUALITY_MILESTONE,102,TOTAL_STOPS,NUMBER,YES
PRODUCTION_LAKEHOUSE_US,TL_ANALYTICS_INTERNAL,TL_DATA_QUALITY_MILESTONE,103,PICKUP_ARRIVAL_STATUS_30_MIN,TEXT,YES
PRODUCTION_LAKEHOUSE_US,TL_ANALYTICS_INTERNAL,TL_DATA_QUALITY_MILESTONE,104,MASTER_CARRIER_ID,TEXT,YES
